condition_id,test_file,reference_file,heatmap_file,Q,proc_time,Q_subj,part_id_scene
Blog_Blur_l2_100_flat,datasets/AR-DAVID/Blog_Blur_Level002.mp4,datasets/AR-DAVID/Blog_reference_Level001.mp4,,8.633901596069336,14.28847360610962,8.185123,1
Blog_Blur_l2_10_flat,datasets/AR-DAVID/Blog_Blur_Level002.mp4,datasets/AR-DAVID/Blog_reference_Level001.mp4,,8.141151428222656,14.641776323318481,8.143559,1
Blog_Blur_l2_100_leaves,datasets/AR-DAVID/Blog_Blur_Level002.mp4,datasets/AR-DAVID/Blog_reference_Level001.mp4,,8.668342590332031,15.10370421409607,8.547766,1
Blog_Blur_l2_10_leaves,datasets/AR-DAVID/Blog_Blur_Level002.mp4,datasets/AR-DAVID/Blog_reference_Level001.mp4,,8.149022102355957,12.252379417419434,7.954404,1
Blog_Blur_l2_100_noise,datasets/AR-DAVID/Blog_Blur_Level002.mp4,datasets/AR-DAVID/Blog_reference_Level001.mp4,,8.624405860900879,14.195363283157349,7.5715384,1
Blog_Blur_l2_10_noise,datasets/AR-DAVID/Blog_Blur_Level002.mp4,datasets/AR-DAVID/Blog_reference_Level001.mp4,,8.142388343811035,14.67043948173523,7.5668054,1
Blog_Blur_l3_100_flat,datasets/AR-DAVID/Blog_Blur_Level003.mp4,datasets/AR-DAVID/Blog_reference_Level001.mp4,,8.266703605651855,13.953875303268433,6.011435,1
Blog_Blur_l3_10_flat,datasets/AR-DAVID/Blog_Blur_Level003.mp4,datasets/AR-DAVID/Blog_reference_Level001.mp4,,7.733423233032227,15.562100410461426,6.2862353,1
Blog_Blur_l3_100_leaves,datasets/AR-DAVID/Blog_Blur_Level003.mp4,datasets/AR-DAVID/Blog_reference_Level001.mp4,,8.317662239074707,15.634331464767456,5.7636137,1
Blog_Blur_l3_10_leaves,datasets/AR-DAVID/Blog_Blur_Level003.mp4,datasets/AR-DAVID/Blog_reference_Level001.mp4,,7.7420549392700195,14.417554140090942,6.460126,1
Blog_Blur_l3_100_noise,datasets/AR-DAVID/Blog_Blur_Level003.mp4,datasets/AR-DAVID/Blog_reference_Level001.mp4,,8.268159866333008,15.62563419342041,6.100383,1
Blog_Blur_l3_10_noise,datasets/AR-DAVID/Blog_Blur_Level003.mp4,datasets/AR-DAVID/Blog_reference_Level001.mp4,,7.734779357910156,14.31097960472107,5.815504,1
Blog_ColorFringes_l2_100_flat,datasets/AR-DAVID/Blog_ColorFringes_Level002.mp4,datasets/AR-DAVID/Blog_reference_Level001.mp4,,8.194173812866211,16.196707725524902,7.8084106,1
Blog_ColorFringes_l2_10_flat,datasets/AR-DAVID/Blog_ColorFringes_Level002.mp4,datasets/AR-DAVID/Blog_reference_Level001.mp4,,7.5586724281311035,14.879647970199585,7.943652,1
Blog_ColorFringes_l2_100_leaves,datasets/AR-DAVID/Blog_ColorFringes_Level002.mp4,datasets/AR-DAVID/Blog_reference_Level001.mp4,,8.251205444335938,14.732844829559326,7.316698,1
Blog_ColorFringes_l2_10_leaves,datasets/AR-DAVID/Blog_ColorFringes_Level002.mp4,datasets/AR-DAVID/Blog_reference_Level001.mp4,,7.569213390350342,12.540791749954224,7.8619256,1
Blog_ColorFringes_l2_100_noise,datasets/AR-DAVID/Blog_ColorFringes_Level002.mp4,datasets/AR-DAVID/Blog_reference_Level001.mp4,,8.195816040039062,12.764201402664185,7.394612,1
Blog_ColorFringes_l2_10_noise,datasets/AR-DAVID/Blog_ColorFringes_Level002.mp4,datasets/AR-DAVID/Blog_reference_Level001.mp4,,7.560328483581543,12.694886684417725,7.871194,1
Blog_ColorFringes_l3_100_flat,datasets/AR-DAVID/Blog_ColorFringes_Level003.mp4,datasets/AR-DAVID/Blog_reference_Level001.mp4,,7.787403583526611,14.98850679397583,6.3612556,1
Blog_ColorFringes_l3_10_flat,datasets/AR-DAVID/Blog_ColorFringes_Level003.mp4,datasets/AR-DAVID/Blog_reference_Level001.mp4,,7.049605369567871,14.539802074432373,6.4316154,1
Blog_ColorFringes_l3_100_leaves,datasets/AR-DAVID/Blog_ColorFringes_Level003.mp4,datasets/AR-DAVID/Blog_reference_Level001.mp4,,7.855923175811768,15.829909801483154,6.125558,1
Blog_ColorFringes_l3_10_leaves,datasets/AR-DAVID/Blog_ColorFringes_Level003.mp4,datasets/AR-DAVID/Blog_reference_Level001.mp4,,7.0615081787109375,15.523497581481934,5.903845,1
Blog_ColorFringes_l3_100_noise,datasets/AR-DAVID/Blog_ColorFringes_Level003.mp4,datasets/AR-DAVID/Blog_reference_Level001.mp4,,7.789370536804199,12.596607685089111,5.5936265,1
Blog_ColorFringes_l3_10_noise,datasets/AR-DAVID/Blog_ColorFringes_Level003.mp4,datasets/AR-DAVID/Blog_reference_Level001.mp4,,7.051473140716553,14.190811395645142,6.1569695,1
Blog_Contrast_l2_100_flat,datasets/AR-DAVID/Blog_Contrast_Level002.mp4,datasets/AR-DAVID/Blog_reference_Level001.mp4,,9.97273063659668,14.245051860809326,9.848579,1
Blog_Contrast_l2_10_flat,datasets/AR-DAVID/Blog_Contrast_Level002.mp4,datasets/AR-DAVID/Blog_reference_Level001.mp4,,9.951374053955078,12.549964189529419,10.220287,1
Blog_Contrast_l2_100_leaves,datasets/AR-DAVID/Blog_Contrast_Level002.mp4,datasets/AR-DAVID/Blog_reference_Level001.mp4,,9.973700523376465,15.56678295135498,10.274481,1
Blog_Contrast_l2_10_leaves,datasets/AR-DAVID/Blog_Contrast_Level002.mp4,datasets/AR-DAVID/Blog_reference_Level001.mp4,,9.952703475952148,15.214049339294434,9.882345,1
Blog_Contrast_l2_100_noise,datasets/AR-DAVID/Blog_Contrast_Level002.mp4,datasets/AR-DAVID/Blog_reference_Level001.mp4,,9.972761154174805,14.797584295272827,10.179269,1
Blog_Contrast_l2_10_noise,datasets/AR-DAVID/Blog_Contrast_Level002.mp4,datasets/AR-DAVID/Blog_reference_Level001.mp4,,9.95158576965332,13.199534177780151,9.881755,1
Blog_Contrast_l3_100_flat,datasets/AR-DAVID/Blog_Contrast_Level003.mp4,datasets/AR-DAVID/Blog_reference_Level001.mp4,,9.924067497253418,15.517762422561646,10.355648,1
Blog_Contrast_l3_10_flat,datasets/AR-DAVID/Blog_Contrast_Level003.mp4,datasets/AR-DAVID/Blog_reference_Level001.mp4,,9.795145988464355,14.88131594657898,9.955855,1
Blog_Contrast_l3_100_leaves,datasets/AR-DAVID/Blog_Contrast_Level003.mp4,datasets/AR-DAVID/Blog_reference_Level001.mp4,,9.927447319030762,15.550180435180664,9.652766,1
Blog_Contrast_l3_10_leaves,datasets/AR-DAVID/Blog_Contrast_Level003.mp4,datasets/AR-DAVID/Blog_reference_Level001.mp4,,9.80207633972168,13.632502317428589,9.619558,1
Blog_Contrast_l3_100_noise,datasets/AR-DAVID/Blog_Contrast_Level003.mp4,datasets/AR-DAVID/Blog_reference_Level001.mp4,,9.924173355102539,13.88285207748413,10.268403,1
Blog_Contrast_l3_10_noise,datasets/AR-DAVID/Blog_Contrast_Level003.mp4,datasets/AR-DAVID/Blog_reference_Level001.mp4,,9.796259880065918,15.510947704315186,10.186935,1
Blog_Dither_l2_100_flat,datasets/AR-DAVID/Blog_Dither_Level002.mp4,datasets/AR-DAVID/Blog_reference_Level001.mp4,,9.884970664978027,15.939021110534668,10.199404,1
Blog_Dither_l2_10_flat,datasets/AR-DAVID/Blog_Dither_Level002.mp4,datasets/AR-DAVID/Blog_reference_Level001.mp4,,9.802373886108398,16.385177612304688,9.942666,1
Blog_Dither_l2_100_leaves,datasets/AR-DAVID/Blog_Dither_Level002.mp4,datasets/AR-DAVID/Blog_reference_Level001.mp4,,9.890898704528809,13.381345510482788,10.481512,1
Blog_Dither_l2_10_leaves,datasets/AR-DAVID/Blog_Dither_Level002.mp4,datasets/AR-DAVID/Blog_reference_Level001.mp4,,9.804076194763184,19.12091374397278,9.585734,1
Blog_Dither_l2_100_noise,datasets/AR-DAVID/Blog_Dither_Level002.mp4,datasets/AR-DAVID/Blog_reference_Level001.mp4,,9.885143280029297,16.766732931137085,9.5090065,1
Blog_Dither_l2_10_noise,datasets/AR-DAVID/Blog_Dither_Level002.mp4,datasets/AR-DAVID/Blog_reference_Level001.mp4,,9.802642822265625,15.215938568115234,9.9293585,1
Blog_Dither_l3_100_flat,datasets/AR-DAVID/Blog_Dither_Level003.mp4,datasets/AR-DAVID/Blog_reference_Level001.mp4,,9.476946830749512,17.486058712005615,10.353548,1
Blog_Dither_l3_10_flat,datasets/AR-DAVID/Blog_Dither_Level003.mp4,datasets/AR-DAVID/Blog_reference_Level001.mp4,,9.190108299255371,14.808016538619995,9.510544,1
Blog_Dither_l3_100_leaves,datasets/AR-DAVID/Blog_Dither_Level003.mp4,datasets/AR-DAVID/Blog_reference_Level001.mp4,,9.499521255493164,16.267849683761597,9.564182,1
Blog_Dither_l3_10_leaves,datasets/AR-DAVID/Blog_Dither_Level003.mp4,datasets/AR-DAVID/Blog_reference_Level001.mp4,,9.195562362670898,17.02188754081726,8.846323,1
Blog_Dither_l3_100_noise,datasets/AR-DAVID/Blog_Dither_Level003.mp4,datasets/AR-DAVID/Blog_reference_Level001.mp4,,9.477602005004883,14.735068798065186,9.75839,1
Blog_Dither_l3_10_noise,datasets/AR-DAVID/Blog_Dither_Level003.mp4,datasets/AR-DAVID/Blog_reference_Level001.mp4,,9.190966606140137,17.875887155532837,9.34894,1
Blog_LSNU_l2_100_flat,datasets/AR-DAVID/Blog_LSNU_Level002.mp4,datasets/AR-DAVID/Blog_reference_Level001.mp4,,8.897072792053223,14.784692525863647,8.855222,1
Blog_LSNU_l2_10_flat,datasets/AR-DAVID/Blog_LSNU_Level002.mp4,datasets/AR-DAVID/Blog_reference_Level001.mp4,,8.143104553222656,14.375211238861084,8.765477,1
Blog_LSNU_l2_100_leaves,datasets/AR-DAVID/Blog_LSNU_Level002.mp4,datasets/AR-DAVID/Blog_reference_Level001.mp4,,8.957521438598633,16.66205620765686,8.450332,1
Blog_LSNU_l2_10_leaves,datasets/AR-DAVID/Blog_LSNU_Level002.mp4,datasets/AR-DAVID/Blog_reference_Level001.mp4,,8.156691551208496,14.525927066802979,9.049562,1
Blog_LSNU_l2_100_noise,datasets/AR-DAVID/Blog_LSNU_Level002.mp4,datasets/AR-DAVID/Blog_reference_Level001.mp4,,8.89883041381836,14.731467723846436,9.126653,1
Blog_LSNU_l2_10_noise,datasets/AR-DAVID/Blog_LSNU_Level002.mp4,datasets/AR-DAVID/Blog_reference_Level001.mp4,,8.145240783691406,14.86697506904602,9.686929,1
Blog_LSNU_l3_100_flat,datasets/AR-DAVID/Blog_LSNU_Level003.mp4,datasets/AR-DAVID/Blog_reference_Level001.mp4,,8.167719841003418,13.734443426132202,8.242932,1
Blog_LSNU_l3_10_flat,datasets/AR-DAVID/Blog_LSNU_Level003.mp4,datasets/AR-DAVID/Blog_reference_Level001.mp4,,7.139589309692383,12.83514142036438,7.682169,1
Blog_LSNU_l3_100_leaves,datasets/AR-DAVID/Blog_LSNU_Level003.mp4,datasets/AR-DAVID/Blog_reference_Level001.mp4,,8.255670547485352,15.580245733261108,8.421524,1
Blog_LSNU_l3_10_leaves,datasets/AR-DAVID/Blog_LSNU_Level003.mp4,datasets/AR-DAVID/Blog_reference_Level001.mp4,,7.157173156738281,13.20767855644226,8.609027,1
Blog_LSNU_l3_100_noise,datasets/AR-DAVID/Blog_LSNU_Level003.mp4,datasets/AR-DAVID/Blog_reference_Level001.mp4,,8.170263290405273,12.823948383331299,9.13381,1
Blog_LSNU_l3_10_noise,datasets/AR-DAVID/Blog_LSNU_Level003.mp4,datasets/AR-DAVID/Blog_reference_Level001.mp4,,7.142352104187012,12.83604383468628,9.089045,1
Blog_WGNU_l2_100_flat,datasets/AR-DAVID/Blog_WGNU_Level002.mp4,datasets/AR-DAVID/Blog_reference_Level001.mp4,,8.567813873291016,15.553365707397461,8.712595,1
Blog_WGNU_l2_10_flat,datasets/AR-DAVID/Blog_WGNU_Level002.mp4,datasets/AR-DAVID/Blog_reference_Level001.mp4,,7.593674659729004,15.749760866165161,7.957596,1
Blog_WGNU_l2_100_leaves,datasets/AR-DAVID/Blog_WGNU_Level002.mp4,datasets/AR-DAVID/Blog_reference_Level001.mp4,,8.647418975830078,15.553329706192017,8.02891,1
Blog_WGNU_l2_10_leaves,datasets/AR-DAVID/Blog_WGNU_Level002.mp4,datasets/AR-DAVID/Blog_reference_Level001.mp4,,7.611025810241699,16.01782774925232,7.9677696,1
Blog_WGNU_l2_100_noise,datasets/AR-DAVID/Blog_WGNU_Level002.mp4,datasets/AR-DAVID/Blog_reference_Level001.mp4,,8.570128440856934,15.537991762161255,8.212486,1
Blog_WGNU_l2_10_noise,datasets/AR-DAVID/Blog_WGNU_Level002.mp4,datasets/AR-DAVID/Blog_reference_Level001.mp4,,7.596410751342773,14.210285663604736,8.732864,1
Blog_WGNU_l3_100_flat,datasets/AR-DAVID/Blog_WGNU_Level003.mp4,datasets/AR-DAVID/Blog_reference_Level001.mp4,,7.923333168029785,14.94035530090332,7.910187,1
Blog_WGNU_l3_10_flat,datasets/AR-DAVID/Blog_WGNU_Level003.mp4,datasets/AR-DAVID/Blog_reference_Level001.mp4,,6.721556663513184,14.507497787475586,7.7755685,1
Blog_WGNU_l3_100_leaves,datasets/AR-DAVID/Blog_WGNU_Level003.mp4,datasets/AR-DAVID/Blog_reference_Level001.mp4,,8.026849746704102,14.212953567504883,7.7961936,1
Blog_WGNU_l3_10_leaves,datasets/AR-DAVID/Blog_WGNU_Level003.mp4,datasets/AR-DAVID/Blog_reference_Level001.mp4,,6.742109298706055,14.517719745635986,6.999911,1
Blog_WGNU_l3_100_noise,datasets/AR-DAVID/Blog_WGNU_Level003.mp4,datasets/AR-DAVID/Blog_reference_Level001.mp4,,7.926342964172363,14.811521053314209,8.027212,1
Blog_WGNU_l3_10_noise,datasets/AR-DAVID/Blog_WGNU_Level003.mp4,datasets/AR-DAVID/Blog_reference_Level001.mp4,,6.7247843742370605,14.260637998580933,7.6843753,1
Caminandes_Blur_l2_100_flat,datasets/AR-DAVID/Caminandes_Blur_Level002.mp4,datasets/AR-DAVID/Caminandes_reference_Level001.mp4,,8.86235523223877,4.934520483016968,8.151968,2
Caminandes_Blur_l2_10_flat,datasets/AR-DAVID/Caminandes_Blur_Level002.mp4,datasets/AR-DAVID/Caminandes_reference_Level001.mp4,,8.0484619140625,5.174710273742676,8.584903,2
Caminandes_Blur_l2_100_leaves,datasets/AR-DAVID/Caminandes_Blur_Level002.mp4,datasets/AR-DAVID/Caminandes_reference_Level001.mp4,,8.916524887084961,4.848958969116211,7.935147,2
Caminandes_Blur_l2_10_leaves,datasets/AR-DAVID/Caminandes_Blur_Level002.mp4,datasets/AR-DAVID/Caminandes_reference_Level001.mp4,,8.069124221801758,4.5509352684021,9.554604,2
Caminandes_Blur_l2_100_noise,datasets/AR-DAVID/Caminandes_Blur_Level002.mp4,datasets/AR-DAVID/Caminandes_reference_Level001.mp4,,8.863934516906738,3.992961883544922,8.831413,2
Caminandes_Blur_l2_10_noise,datasets/AR-DAVID/Caminandes_Blur_Level002.mp4,datasets/AR-DAVID/Caminandes_reference_Level001.mp4,,8.051753997802734,4.308205604553223,8.366633,2
Caminandes_Blur_l3_100_flat,datasets/AR-DAVID/Caminandes_Blur_Level003.mp4,datasets/AR-DAVID/Caminandes_reference_Level001.mp4,,8.538824081420898,5.055687665939331,7.654854,2
Caminandes_Blur_l3_10_flat,datasets/AR-DAVID/Caminandes_Blur_Level003.mp4,datasets/AR-DAVID/Caminandes_reference_Level001.mp4,,7.603935718536377,4.7858381271362305,7.8278656,2
Caminandes_Blur_l3_100_leaves,datasets/AR-DAVID/Caminandes_Blur_Level003.mp4,datasets/AR-DAVID/Caminandes_reference_Level001.mp4,,8.602533340454102,4.5776567459106445,7.368511,2
Caminandes_Blur_l3_10_leaves,datasets/AR-DAVID/Caminandes_Blur_Level003.mp4,datasets/AR-DAVID/Caminandes_reference_Level001.mp4,,7.627966403961182,4.635926008224487,8.218392,2
Caminandes_Blur_l3_100_noise,datasets/AR-DAVID/Caminandes_Blur_Level003.mp4,datasets/AR-DAVID/Caminandes_reference_Level001.mp4,,8.540677070617676,4.559466123580933,7.336395,2
Caminandes_Blur_l3_10_noise,datasets/AR-DAVID/Caminandes_Blur_Level003.mp4,datasets/AR-DAVID/Caminandes_reference_Level001.mp4,,7.607771873474121,4.254738807678223,6.9718995,2
Caminandes_ColorFringes_l2_100_flat,datasets/AR-DAVID/Caminandes_ColorFringes_Level002.mp4,datasets/AR-DAVID/Caminandes_reference_Level001.mp4,,8.896783828735352,4.592835187911987,8.161425,2
Caminandes_ColorFringes_l2_10_flat,datasets/AR-DAVID/Caminandes_ColorFringes_Level002.mp4,datasets/AR-DAVID/Caminandes_reference_Level001.mp4,,7.983805179595947,4.976938486099243,8.819836,2
Caminandes_ColorFringes_l2_100_leaves,datasets/AR-DAVID/Caminandes_ColorFringes_Level002.mp4,datasets/AR-DAVID/Caminandes_reference_Level001.mp4,,8.956683158874512,4.057371616363525,7.8821034,2
Caminandes_ColorFringes_l2_10_leaves,datasets/AR-DAVID/Caminandes_ColorFringes_Level002.mp4,datasets/AR-DAVID/Caminandes_reference_Level001.mp4,,8.003548622131348,4.115693092346191,9.119284,2
Caminandes_ColorFringes_l2_100_noise,datasets/AR-DAVID/Caminandes_ColorFringes_Level002.mp4,datasets/AR-DAVID/Caminandes_reference_Level001.mp4,,8.898544311523438,4.018774032592773,7.8908095,2
Caminandes_ColorFringes_l2_10_noise,datasets/AR-DAVID/Caminandes_ColorFringes_Level002.mp4,datasets/AR-DAVID/Caminandes_reference_Level001.mp4,,7.986921310424805,4.106507062911987,7.250755,2
Caminandes_ColorFringes_l3_100_flat,datasets/AR-DAVID/Caminandes_ColorFringes_Level003.mp4,datasets/AR-DAVID/Caminandes_reference_Level001.mp4,,8.349990844726562,3.978078842163086,7.4165807,2
Caminandes_ColorFringes_l3_10_flat,datasets/AR-DAVID/Caminandes_ColorFringes_Level003.mp4,datasets/AR-DAVID/Caminandes_reference_Level001.mp4,,7.278327941894531,4.012984752655029,6.5799875,2
Caminandes_ColorFringes_l3_100_leaves,datasets/AR-DAVID/Caminandes_ColorFringes_Level003.mp4,datasets/AR-DAVID/Caminandes_reference_Level001.mp4,,8.43018627166748,4.388577461242676,6.603888,2
Caminandes_ColorFringes_l3_10_leaves,datasets/AR-DAVID/Caminandes_ColorFringes_Level003.mp4,datasets/AR-DAVID/Caminandes_reference_Level001.mp4,,7.299352645874023,4.12059473991394,7.1969404,2
Caminandes_ColorFringes_l3_100_noise,datasets/AR-DAVID/Caminandes_ColorFringes_Level003.mp4,datasets/AR-DAVID/Caminandes_reference_Level001.mp4,,8.352330207824707,3.9980549812316895,6.8482914,2
Caminandes_ColorFringes_l3_10_noise,datasets/AR-DAVID/Caminandes_ColorFringes_Level003.mp4,datasets/AR-DAVID/Caminandes_reference_Level001.mp4,,7.281649589538574,4.073606252670288,6.152656,2
Caminandes_Contrast_l2_100_flat,datasets/AR-DAVID/Caminandes_Contrast_Level002.mp4,datasets/AR-DAVID/Caminandes_reference_Level001.mp4,,9.982501983642578,4.072442531585693,9.995249,2
Caminandes_Contrast_l2_10_flat,datasets/AR-DAVID/Caminandes_Contrast_Level002.mp4,datasets/AR-DAVID/Caminandes_reference_Level001.mp4,,9.64790153503418,4.883846759796143,8.990684,2
Caminandes_Contrast_l2_100_leaves,datasets/AR-DAVID/Caminandes_Contrast_Level002.mp4,datasets/AR-DAVID/Caminandes_reference_Level001.mp4,,9.98543930053711,4.024893045425415,9.303437,2
Caminandes_Contrast_l2_10_leaves,datasets/AR-DAVID/Caminandes_Contrast_Level002.mp4,datasets/AR-DAVID/Caminandes_reference_Level001.mp4,,9.684423446655273,4.091566801071167,10.069403,2
Caminandes_Contrast_l2_100_noise,datasets/AR-DAVID/Caminandes_Contrast_Level002.mp4,datasets/AR-DAVID/Caminandes_reference_Level001.mp4,,9.982596397399902,4.176666975021362,10.194769,2
Caminandes_Contrast_l2_10_noise,datasets/AR-DAVID/Caminandes_Contrast_Level002.mp4,datasets/AR-DAVID/Caminandes_reference_Level001.mp4,,9.654121398925781,3.9830174446105957,9.331842,2
Caminandes_Contrast_l3_100_flat,datasets/AR-DAVID/Caminandes_Contrast_Level003.mp4,datasets/AR-DAVID/Caminandes_reference_Level001.mp4,,9.895349502563477,4.110903263092041,9.9420595,2
Caminandes_Contrast_l3_10_flat,datasets/AR-DAVID/Caminandes_Contrast_Level003.mp4,datasets/AR-DAVID/Caminandes_reference_Level001.mp4,,8.745956420898438,4.052787780761719,9.582616,2
Caminandes_Contrast_l3_100_leaves,datasets/AR-DAVID/Caminandes_Contrast_Level003.mp4,datasets/AR-DAVID/Caminandes_reference_Level001.mp4,,9.911080360412598,3.976086378097534,8.63116,2
Caminandes_Contrast_l3_10_leaves,datasets/AR-DAVID/Caminandes_Contrast_Level003.mp4,datasets/AR-DAVID/Caminandes_reference_Level001.mp4,,8.829035758972168,4.231821298599243,9.601653,2
Caminandes_Contrast_l3_100_noise,datasets/AR-DAVID/Caminandes_Contrast_Level003.mp4,datasets/AR-DAVID/Caminandes_reference_Level001.mp4,,9.895844459533691,4.170809507369995,9.318073,2
Caminandes_Contrast_l3_10_noise,datasets/AR-DAVID/Caminandes_Contrast_Level003.mp4,datasets/AR-DAVID/Caminandes_reference_Level001.mp4,,8.759612083435059,4.044503211975098,7.730224,2
Caminandes_Dither_l2_100_flat,datasets/AR-DAVID/Caminandes_Dither_Level002.mp4,datasets/AR-DAVID/Caminandes_reference_Level001.mp4,,9.917354583740234,5.187416315078735,9.61488,2
Caminandes_Dither_l2_10_flat,datasets/AR-DAVID/Caminandes_Dither_Level002.mp4,datasets/AR-DAVID/Caminandes_reference_Level001.mp4,,9.591765403747559,5.303888320922852,9.581928,2
Caminandes_Dither_l2_100_leaves,datasets/AR-DAVID/Caminandes_Dither_Level002.mp4,datasets/AR-DAVID/Caminandes_reference_Level001.mp4,,9.924933433532715,5.5602192878723145,10.638523,2
Caminandes_Dither_l2_10_leaves,datasets/AR-DAVID/Caminandes_Dither_Level002.mp4,datasets/AR-DAVID/Caminandes_reference_Level001.mp4,,9.611247062683105,5.337486267089844,9.767352,2
Caminandes_Dither_l2_100_noise,datasets/AR-DAVID/Caminandes_Dither_Level002.mp4,datasets/AR-DAVID/Caminandes_reference_Level001.mp4,,9.917586326599121,5.142890453338623,8.6894655,2
Caminandes_Dither_l2_10_noise,datasets/AR-DAVID/Caminandes_Dither_Level002.mp4,datasets/AR-DAVID/Caminandes_reference_Level001.mp4,,9.59496021270752,5.2045228481292725,10.428483,2
Caminandes_Dither_l3_100_flat,datasets/AR-DAVID/Caminandes_Dither_Level003.mp4,datasets/AR-DAVID/Caminandes_reference_Level001.mp4,,9.623617172241211,5.627708673477173,9.202202,2
Caminandes_Dither_l3_10_flat,datasets/AR-DAVID/Caminandes_Dither_Level003.mp4,datasets/AR-DAVID/Caminandes_reference_Level001.mp4,,8.459177017211914,5.421423435211182,8.747999,2
Caminandes_Dither_l3_100_leaves,datasets/AR-DAVID/Caminandes_Dither_Level003.mp4,datasets/AR-DAVID/Caminandes_reference_Level001.mp4,,9.654317855834961,5.208148002624512,9.907526,2
Caminandes_Dither_l3_10_leaves,datasets/AR-DAVID/Caminandes_Dither_Level003.mp4,datasets/AR-DAVID/Caminandes_reference_Level001.mp4,,8.525238037109375,5.720696210861206,9.035472,2
Caminandes_Dither_l3_100_noise,datasets/AR-DAVID/Caminandes_Dither_Level003.mp4,datasets/AR-DAVID/Caminandes_reference_Level001.mp4,,9.62454891204834,5.669020891189575,9.967166,2
Caminandes_Dither_l3_10_noise,datasets/AR-DAVID/Caminandes_Dither_Level003.mp4,datasets/AR-DAVID/Caminandes_reference_Level001.mp4,,8.469971656799316,5.526141881942749,8.759646,2
Caminandes_LSNU_l2_100_flat,datasets/AR-DAVID/Caminandes_LSNU_Level002.mp4,datasets/AR-DAVID/Caminandes_reference_Level001.mp4,,9.84811782836914,4.206923961639404,10.314312,2
Caminandes_LSNU_l2_10_flat,datasets/AR-DAVID/Caminandes_LSNU_Level002.mp4,datasets/AR-DAVID/Caminandes_reference_Level001.mp4,,9.584613800048828,4.0689857006073,8.945473,2
Caminandes_LSNU_l2_100_leaves,datasets/AR-DAVID/Caminandes_LSNU_Level002.mp4,datasets/AR-DAVID/Caminandes_reference_Level001.mp4,,9.859806060791016,4.208975553512573,9.899567,2
Caminandes_LSNU_l2_10_leaves,datasets/AR-DAVID/Caminandes_LSNU_Level002.mp4,datasets/AR-DAVID/Caminandes_reference_Level001.mp4,,9.595440864562988,4.014228105545044,10.075942,2
Caminandes_LSNU_l2_100_noise,datasets/AR-DAVID/Caminandes_LSNU_Level002.mp4,datasets/AR-DAVID/Caminandes_reference_Level001.mp4,,9.848464965820312,4.085118293762207,9.651394,2
Caminandes_LSNU_l2_10_noise,datasets/AR-DAVID/Caminandes_LSNU_Level002.mp4,datasets/AR-DAVID/Caminandes_reference_Level001.mp4,,9.586366653442383,4.060986757278442,9.44319,2
Caminandes_LSNU_l3_100_flat,datasets/AR-DAVID/Caminandes_LSNU_Level003.mp4,datasets/AR-DAVID/Caminandes_reference_Level001.mp4,,9.717216491699219,4.254056215286255,9.551898,2
Caminandes_LSNU_l3_10_flat,datasets/AR-DAVID/Caminandes_LSNU_Level003.mp4,datasets/AR-DAVID/Caminandes_reference_Level001.mp4,,9.274245262145996,4.588856220245361,8.857691,2
Caminandes_LSNU_l3_100_leaves,datasets/AR-DAVID/Caminandes_LSNU_Level003.mp4,datasets/AR-DAVID/Caminandes_reference_Level001.mp4,,9.737569808959961,4.39745306968689,9.2937355,2
Caminandes_LSNU_l3_10_leaves,datasets/AR-DAVID/Caminandes_LSNU_Level003.mp4,datasets/AR-DAVID/Caminandes_reference_Level001.mp4,,9.292043685913086,4.173327922821045,9.932425,2
Caminandes_LSNU_l3_100_noise,datasets/AR-DAVID/Caminandes_LSNU_Level003.mp4,datasets/AR-DAVID/Caminandes_reference_Level001.mp4,,9.717818260192871,4.259659290313721,9.378289,2
Caminandes_LSNU_l3_10_noise,datasets/AR-DAVID/Caminandes_LSNU_Level003.mp4,datasets/AR-DAVID/Caminandes_reference_Level001.mp4,,9.277124404907227,4.05877423286438,9.93364,2
Caminandes_WGNU_l2_100_flat,datasets/AR-DAVID/Caminandes_WGNU_Level002.mp4,datasets/AR-DAVID/Caminandes_reference_Level001.mp4,,9.525540351867676,4.442774534225464,9.493743,2
Caminandes_WGNU_l2_10_flat,datasets/AR-DAVID/Caminandes_WGNU_Level002.mp4,datasets/AR-DAVID/Caminandes_reference_Level001.mp4,,9.145379066467285,4.013835906982422,9.778299,2
Caminandes_WGNU_l2_100_leaves,datasets/AR-DAVID/Caminandes_WGNU_Level002.mp4,datasets/AR-DAVID/Caminandes_reference_Level001.mp4,,9.538774490356445,4.41721248626709,9.104822,2
Caminandes_WGNU_l2_10_leaves,datasets/AR-DAVID/Caminandes_WGNU_Level002.mp4,datasets/AR-DAVID/Caminandes_reference_Level001.mp4,,9.172314643859863,4.14082932472229,9.97709,2
Caminandes_WGNU_l2_100_noise,datasets/AR-DAVID/Caminandes_WGNU_Level002.mp4,datasets/AR-DAVID/Caminandes_reference_Level001.mp4,,9.525901794433594,4.036584854125977,8.727705,2
Caminandes_WGNU_l2_10_noise,datasets/AR-DAVID/Caminandes_WGNU_Level002.mp4,datasets/AR-DAVID/Caminandes_reference_Level001.mp4,,9.14966106414795,4.210784196853638,10.163006,2
Caminandes_WGNU_l3_100_flat,datasets/AR-DAVID/Caminandes_WGNU_Level003.mp4,datasets/AR-DAVID/Caminandes_reference_Level001.mp4,,9.3801908493042,4.386732816696167,8.335173,2
Caminandes_WGNU_l3_10_flat,datasets/AR-DAVID/Caminandes_WGNU_Level003.mp4,datasets/AR-DAVID/Caminandes_reference_Level001.mp4,,8.836716651916504,4.206916570663452,8.682902,2
Caminandes_WGNU_l3_100_leaves,datasets/AR-DAVID/Caminandes_WGNU_Level003.mp4,datasets/AR-DAVID/Caminandes_reference_Level001.mp4,,9.397815704345703,4.052272319793701,9.468744,2
Caminandes_WGNU_l3_10_leaves,datasets/AR-DAVID/Caminandes_WGNU_Level003.mp4,datasets/AR-DAVID/Caminandes_reference_Level001.mp4,,8.870044708251953,4.394910573959351,9.991783,2
Caminandes_WGNU_l3_100_noise,datasets/AR-DAVID/Caminandes_WGNU_Level003.mp4,datasets/AR-DAVID/Caminandes_reference_Level001.mp4,,9.380685806274414,4.494953155517578,8.7355385,2
Caminandes_WGNU_l3_10_noise,datasets/AR-DAVID/Caminandes_WGNU_Level003.mp4,datasets/AR-DAVID/Caminandes_reference_Level001.mp4,,8.842033386230469,4.943558216094971,8.180327,2
Emojis_Blur_l2_100_flat,datasets/AR-DAVID/Emojis_Blur_Level002.mp4,datasets/AR-DAVID/Emojis_reference_Level001.mp4,,8.88565731048584,5.436141729354858,8.264303,3
Emojis_Blur_l2_10_flat,datasets/AR-DAVID/Emojis_Blur_Level002.mp4,datasets/AR-DAVID/Emojis_reference_Level001.mp4,,8.157196044921875,4.854711055755615,8.485707,3
Emojis_Blur_l2_100_leaves,datasets/AR-DAVID/Emojis_Blur_Level002.mp4,datasets/AR-DAVID/Emojis_reference_Level001.mp4,,8.943767547607422,5.192726373672485,8.004974,3
Emojis_Blur_l2_10_leaves,datasets/AR-DAVID/Emojis_Blur_Level002.mp4,datasets/AR-DAVID/Emojis_reference_Level001.mp4,,8.171008110046387,5.045047998428345,8.253966,3
Emojis_Blur_l2_100_noise,datasets/AR-DAVID/Emojis_Blur_Level002.mp4,datasets/AR-DAVID/Emojis_reference_Level001.mp4,,8.887348175048828,4.97724461555481,8.898465,3
Emojis_Blur_l2_10_noise,datasets/AR-DAVID/Emojis_Blur_Level002.mp4,datasets/AR-DAVID/Emojis_reference_Level001.mp4,,8.15937328338623,4.808643341064453,7.692398,3
Emojis_Blur_l3_100_flat,datasets/AR-DAVID/Emojis_Blur_Level003.mp4,datasets/AR-DAVID/Emojis_reference_Level001.mp4,,8.593621253967285,4.825756072998047,7.1298466,3
Emojis_Blur_l3_10_flat,datasets/AR-DAVID/Emojis_Blur_Level003.mp4,datasets/AR-DAVID/Emojis_reference_Level001.mp4,,7.827409744262695,4.9427714347839355,6.959766,3
Emojis_Blur_l3_100_leaves,datasets/AR-DAVID/Emojis_Blur_Level003.mp4,datasets/AR-DAVID/Emojis_reference_Level001.mp4,,8.656624794006348,4.928899526596069,6.2938447,3
Emojis_Blur_l3_10_leaves,datasets/AR-DAVID/Emojis_Blur_Level003.mp4,datasets/AR-DAVID/Emojis_reference_Level001.mp4,,7.841752052307129,5.077739000320435,6.851753,3
Emojis_Blur_l3_100_noise,datasets/AR-DAVID/Emojis_Blur_Level003.mp4,datasets/AR-DAVID/Emojis_reference_Level001.mp4,,8.595446586608887,4.825614929199219,6.7501607,3
Emojis_Blur_l3_10_noise,datasets/AR-DAVID/Emojis_Blur_Level003.mp4,datasets/AR-DAVID/Emojis_reference_Level001.mp4,,7.829669952392578,5.318291902542114,6.499022,3
Emojis_ColorFringes_l2_100_flat,datasets/AR-DAVID/Emojis_ColorFringes_Level002.mp4,datasets/AR-DAVID/Emojis_reference_Level001.mp4,,9.03940200805664,4.907205581665039,8.16496,3
Emojis_ColorFringes_l2_10_flat,datasets/AR-DAVID/Emojis_ColorFringes_Level002.mp4,datasets/AR-DAVID/Emojis_reference_Level001.mp4,,8.77430248260498,4.991615056991577,8.381908,3
Emojis_ColorFringes_l2_100_leaves,datasets/AR-DAVID/Emojis_ColorFringes_Level002.mp4,datasets/AR-DAVID/Emojis_reference_Level001.mp4,,9.065605163574219,5.118124723434448,7.612977,3
Emojis_ColorFringes_l2_10_leaves,datasets/AR-DAVID/Emojis_ColorFringes_Level002.mp4,datasets/AR-DAVID/Emojis_reference_Level001.mp4,,8.778108596801758,4.92279052734375,8.17483,3
Emojis_ColorFringes_l2_100_noise,datasets/AR-DAVID/Emojis_ColorFringes_Level002.mp4,datasets/AR-DAVID/Emojis_reference_Level001.mp4,,9.040149688720703,4.847146272659302,7.9547977,3
Emojis_ColorFringes_l2_10_noise,datasets/AR-DAVID/Emojis_ColorFringes_Level002.mp4,datasets/AR-DAVID/Emojis_reference_Level001.mp4,,8.774897575378418,5.0330681800842285,7.5781035,3
Emojis_ColorFringes_l3_100_flat,datasets/AR-DAVID/Emojis_ColorFringes_Level003.mp4,datasets/AR-DAVID/Emojis_reference_Level001.mp4,,8.488690376281738,4.835335731506348,7.1215644,3
Emojis_ColorFringes_l3_10_flat,datasets/AR-DAVID/Emojis_ColorFringes_Level003.mp4,datasets/AR-DAVID/Emojis_reference_Level001.mp4,,8.166910171508789,4.854490280151367,7.9985213,3
Emojis_ColorFringes_l3_100_leaves,datasets/AR-DAVID/Emojis_ColorFringes_Level003.mp4,datasets/AR-DAVID/Emojis_reference_Level001.mp4,,8.522744178771973,5.0212414264678955,6.232506,3
Emojis_ColorFringes_l3_10_leaves,datasets/AR-DAVID/Emojis_ColorFringes_Level003.mp4,datasets/AR-DAVID/Emojis_reference_Level001.mp4,,8.171167373657227,4.889024019241333,7.3288326,3
Emojis_ColorFringes_l3_100_noise,datasets/AR-DAVID/Emojis_ColorFringes_Level003.mp4,datasets/AR-DAVID/Emojis_reference_Level001.mp4,,8.489656448364258,4.838702201843262,7.028994,3
Emojis_ColorFringes_l3_10_noise,datasets/AR-DAVID/Emojis_ColorFringes_Level003.mp4,datasets/AR-DAVID/Emojis_reference_Level001.mp4,,8.167572975158691,5.582709550857544,7.1571784,3
Emojis_Contrast_l2_100_flat,datasets/AR-DAVID/Emojis_Contrast_Level002.mp4,datasets/AR-DAVID/Emojis_reference_Level001.mp4,,9.934934616088867,4.847201585769653,9.93807,3
Emojis_Contrast_l2_10_flat,datasets/AR-DAVID/Emojis_Contrast_Level002.mp4,datasets/AR-DAVID/Emojis_reference_Level001.mp4,,9.839423179626465,5.022576570510864,10.012871,3
Emojis_Contrast_l2_100_leaves,datasets/AR-DAVID/Emojis_Contrast_Level002.mp4,datasets/AR-DAVID/Emojis_reference_Level001.mp4,,9.939932823181152,5.0133984088897705,9.564402,3
Emojis_Contrast_l2_10_leaves,datasets/AR-DAVID/Emojis_Contrast_Level002.mp4,datasets/AR-DAVID/Emojis_reference_Level001.mp4,,9.841985702514648,5.010135650634766,10.364695,3
Emojis_Contrast_l2_100_noise,datasets/AR-DAVID/Emojis_Contrast_Level002.mp4,datasets/AR-DAVID/Emojis_reference_Level001.mp4,,9.935073852539062,4.942975282669067,10.6610365,3
Emojis_Contrast_l2_10_noise,datasets/AR-DAVID/Emojis_Contrast_Level002.mp4,datasets/AR-DAVID/Emojis_reference_Level001.mp4,,9.839826583862305,5.36327052116394,9.531563,3
Emojis_Contrast_l3_100_flat,datasets/AR-DAVID/Emojis_Contrast_Level003.mp4,datasets/AR-DAVID/Emojis_reference_Level001.mp4,,9.836013793945312,5.005824089050293,9.180736,3
Emojis_Contrast_l3_10_flat,datasets/AR-DAVID/Emojis_Contrast_Level003.mp4,datasets/AR-DAVID/Emojis_reference_Level001.mp4,,9.596142768859863,4.981626749038696,9.198993,3
Emojis_Contrast_l3_100_leaves,datasets/AR-DAVID/Emojis_Contrast_Level003.mp4,datasets/AR-DAVID/Emojis_reference_Level001.mp4,,9.847609519958496,4.8476221561431885,8.422551,3
Emojis_Contrast_l3_10_leaves,datasets/AR-DAVID/Emojis_Contrast_Level003.mp4,datasets/AR-DAVID/Emojis_reference_Level001.mp4,,9.604915618896484,4.973711252212524,9.784623,3
Emojis_Contrast_l3_100_noise,datasets/AR-DAVID/Emojis_Contrast_Level003.mp4,datasets/AR-DAVID/Emojis_reference_Level001.mp4,,9.836286544799805,5.158490896224976,9.798582,3
Emojis_Contrast_l3_10_noise,datasets/AR-DAVID/Emojis_Contrast_Level003.mp4,datasets/AR-DAVID/Emojis_reference_Level001.mp4,,9.597538948059082,4.949707269668579,8.807318,3
Emojis_Dither_l2_100_flat,datasets/AR-DAVID/Emojis_Dither_Level002.mp4,datasets/AR-DAVID/Emojis_reference_Level001.mp4,,9.863038063049316,6.066074371337891,9.988024,3
Emojis_Dither_l2_10_flat,datasets/AR-DAVID/Emojis_Dither_Level002.mp4,datasets/AR-DAVID/Emojis_reference_Level001.mp4,,9.6829833984375,6.097824811935425,9.347374,3
Emojis_Dither_l2_100_leaves,datasets/AR-DAVID/Emojis_Dither_Level002.mp4,datasets/AR-DAVID/Emojis_reference_Level001.mp4,,9.872527122497559,6.015403985977173,9.601832,3
Emojis_Dither_l2_10_leaves,datasets/AR-DAVID/Emojis_Dither_Level002.mp4,datasets/AR-DAVID/Emojis_reference_Level001.mp4,,9.687864303588867,5.943390607833862,9.894353,3
Emojis_Dither_l2_100_noise,datasets/AR-DAVID/Emojis_Dither_Level002.mp4,datasets/AR-DAVID/Emojis_reference_Level001.mp4,,9.863321304321289,6.262387990951538,9.436912,3
Emojis_Dither_l2_10_noise,datasets/AR-DAVID/Emojis_Dither_Level002.mp4,datasets/AR-DAVID/Emojis_reference_Level001.mp4,,9.683757781982422,6.001296281814575,9.725535,3
Emojis_Dither_l3_100_flat,datasets/AR-DAVID/Emojis_Dither_Level003.mp4,datasets/AR-DAVID/Emojis_reference_Level001.mp4,,9.52503490447998,6.456779479980469,9.220304,3
Emojis_Dither_l3_10_flat,datasets/AR-DAVID/Emojis_Dither_Level003.mp4,datasets/AR-DAVID/Emojis_reference_Level001.mp4,,9.093218803405762,6.172876596450806,8.751926,3
Emojis_Dither_l3_100_leaves,datasets/AR-DAVID/Emojis_Dither_Level003.mp4,datasets/AR-DAVID/Emojis_reference_Level001.mp4,,9.551356315612793,6.331356763839722,8.826262,3
Emojis_Dither_l3_10_leaves,datasets/AR-DAVID/Emojis_Dither_Level003.mp4,datasets/AR-DAVID/Emojis_reference_Level001.mp4,,9.10448932647705,5.762454271316528,8.376966,3
Emojis_Dither_l3_100_noise,datasets/AR-DAVID/Emojis_Dither_Level003.mp4,datasets/AR-DAVID/Emojis_reference_Level001.mp4,,9.525810241699219,6.26785945892334,8.7610445,3
Emojis_Dither_l3_10_noise,datasets/AR-DAVID/Emojis_Dither_Level003.mp4,datasets/AR-DAVID/Emojis_reference_Level001.mp4,,9.095011711120605,5.980504274368286,8.340042,3
Emojis_LSNU_l2_100_flat,datasets/AR-DAVID/Emojis_LSNU_Level002.mp4,datasets/AR-DAVID/Emojis_reference_Level001.mp4,,9.011059761047363,5.469491243362427,8.136337,3
Emojis_LSNU_l2_10_flat,datasets/AR-DAVID/Emojis_LSNU_Level002.mp4,datasets/AR-DAVID/Emojis_reference_Level001.mp4,,7.731724262237549,5.051232099533081,7.361389,3
Emojis_LSNU_l2_100_leaves,datasets/AR-DAVID/Emojis_LSNU_Level002.mp4,datasets/AR-DAVID/Emojis_reference_Level001.mp4,,9.090315818786621,5.039560317993164,7.430391,3
Emojis_LSNU_l2_10_leaves,datasets/AR-DAVID/Emojis_LSNU_Level002.mp4,datasets/AR-DAVID/Emojis_reference_Level001.mp4,,7.760499000549316,4.970984220504761,8.895182,3
Emojis_LSNU_l2_100_noise,datasets/AR-DAVID/Emojis_LSNU_Level002.mp4,datasets/AR-DAVID/Emojis_reference_Level001.mp4,,9.013412475585938,5.008128881454468,9.289279,3
Emojis_LSNU_l2_10_noise,datasets/AR-DAVID/Emojis_LSNU_Level002.mp4,datasets/AR-DAVID/Emojis_reference_Level001.mp4,,7.736265182495117,5.143151044845581,7.486321,3
Emojis_LSNU_l3_100_flat,datasets/AR-DAVID/Emojis_LSNU_Level003.mp4,datasets/AR-DAVID/Emojis_reference_Level001.mp4,,8.348272323608398,5.409778833389282,7.839025,3
Emojis_LSNU_l3_10_flat,datasets/AR-DAVID/Emojis_LSNU_Level003.mp4,datasets/AR-DAVID/Emojis_reference_Level001.mp4,,6.671511650085449,5.00370454788208,7.404031,3
Emojis_LSNU_l3_100_leaves,datasets/AR-DAVID/Emojis_LSNU_Level003.mp4,datasets/AR-DAVID/Emojis_reference_Level001.mp4,,8.464573860168457,4.965226888656616,7.611648,3
Emojis_LSNU_l3_10_leaves,datasets/AR-DAVID/Emojis_LSNU_Level003.mp4,datasets/AR-DAVID/Emojis_reference_Level001.mp4,,6.706081867218018,4.839064836502075,7.961794,3
Emojis_LSNU_l3_100_noise,datasets/AR-DAVID/Emojis_LSNU_Level003.mp4,datasets/AR-DAVID/Emojis_reference_Level001.mp4,,8.351696968078613,5.011501312255859,8.210851,3
Emojis_LSNU_l3_10_noise,datasets/AR-DAVID/Emojis_LSNU_Level003.mp4,datasets/AR-DAVID/Emojis_reference_Level001.mp4,,6.676959991455078,4.826134920120239,7.2067456,3
Emojis_WGNU_l2_100_flat,datasets/AR-DAVID/Emojis_WGNU_Level002.mp4,datasets/AR-DAVID/Emojis_reference_Level001.mp4,,9.678123474121094,5.075746774673462,8.910625,3
Emojis_WGNU_l2_10_flat,datasets/AR-DAVID/Emojis_WGNU_Level002.mp4,datasets/AR-DAVID/Emojis_reference_Level001.mp4,,9.393742561340332,5.121707439422607,9.131441,3
Emojis_WGNU_l2_100_leaves,datasets/AR-DAVID/Emojis_WGNU_Level002.mp4,datasets/AR-DAVID/Emojis_reference_Level001.mp4,,9.688962936401367,5.233726739883423,8.765652,3
Emojis_WGNU_l2_10_leaves,datasets/AR-DAVID/Emojis_WGNU_Level002.mp4,datasets/AR-DAVID/Emojis_reference_Level001.mp4,,9.40194034576416,5.109019756317139,8.921769,3
Emojis_WGNU_l2_100_noise,datasets/AR-DAVID/Emojis_WGNU_Level002.mp4,datasets/AR-DAVID/Emojis_reference_Level001.mp4,,9.678454399108887,5.3412206172943115,8.748345,3
Emojis_WGNU_l2_10_noise,datasets/AR-DAVID/Emojis_WGNU_Level002.mp4,datasets/AR-DAVID/Emojis_reference_Level001.mp4,,9.395028114318848,5.266742706298828,9.758349,3
Emojis_WGNU_l3_100_flat,datasets/AR-DAVID/Emojis_WGNU_Level003.mp4,datasets/AR-DAVID/Emojis_reference_Level001.mp4,,9.39379596710205,5.187024354934692,8.2366705,3
Emojis_WGNU_l3_10_flat,datasets/AR-DAVID/Emojis_WGNU_Level003.mp4,datasets/AR-DAVID/Emojis_reference_Level001.mp4,,8.968523979187012,5.062806606292725,8.72221,3
Emojis_WGNU_l3_100_leaves,datasets/AR-DAVID/Emojis_WGNU_Level003.mp4,datasets/AR-DAVID/Emojis_reference_Level001.mp4,,9.41463565826416,5.00665283203125,9.463664,3
Emojis_WGNU_l3_10_leaves,datasets/AR-DAVID/Emojis_WGNU_Level003.mp4,datasets/AR-DAVID/Emojis_reference_Level001.mp4,,8.979205131530762,5.512257814407349,8.619632,3
Emojis_WGNU_l3_100_noise,datasets/AR-DAVID/Emojis_WGNU_Level003.mp4,datasets/AR-DAVID/Emojis_reference_Level001.mp4,,9.394428253173828,5.13842511177063,9.01928,3
Emojis_WGNU_l3_10_noise,datasets/AR-DAVID/Emojis_WGNU_Level003.mp4,datasets/AR-DAVID/Emojis_reference_Level001.mp4,,8.970210075378418,5.3314292430877686,9.1454,3
Foliage_Blur_l2_100_flat,datasets/AR-DAVID/Foliage_Blur_Level002.mp4,datasets/AR-DAVID/Foliage_reference_Level001.mp4,,8.49222183227539,15.55915880203247,7.52616,4
Foliage_Blur_l2_10_flat,datasets/AR-DAVID/Foliage_Blur_Level002.mp4,datasets/AR-DAVID/Foliage_reference_Level001.mp4,,7.551695823669434,16.11652445793152,8.12617,4
Foliage_Blur_l2_100_leaves,datasets/AR-DAVID/Foliage_Blur_Level002.mp4,datasets/AR-DAVID/Foliage_reference_Level001.mp4,,8.555824279785156,15.932538270950317,7.9191575,4
Foliage_Blur_l2_10_leaves,datasets/AR-DAVID/Foliage_Blur_Level002.mp4,datasets/AR-DAVID/Foliage_reference_Level001.mp4,,7.574330806732178,15.18747353553772,8.056686,4
Foliage_Blur_l2_100_noise,datasets/AR-DAVID/Foliage_Blur_Level002.mp4,datasets/AR-DAVID/Foliage_reference_Level001.mp4,,8.494078636169434,16.29447317123413,8.180237,4
Foliage_Blur_l2_10_noise,datasets/AR-DAVID/Foliage_Blur_Level002.mp4,datasets/AR-DAVID/Foliage_reference_Level001.mp4,,7.5552873611450195,15.941715717315674,7.2885237,4
Foliage_Blur_l3_100_flat,datasets/AR-DAVID/Foliage_Blur_Level003.mp4,datasets/AR-DAVID/Foliage_reference_Level001.mp4,,7.928420543670654,15.581207275390625,6.1314464,4
Foliage_Blur_l3_10_flat,datasets/AR-DAVID/Foliage_Blur_Level003.mp4,datasets/AR-DAVID/Foliage_reference_Level001.mp4,,6.768791675567627,15.131153106689453,6.6429896,4
Foliage_Blur_l3_100_leaves,datasets/AR-DAVID/Foliage_Blur_Level003.mp4,datasets/AR-DAVID/Foliage_reference_Level001.mp4,,8.009742736816406,14.91586184501648,6.3678107,4
Foliage_Blur_l3_10_leaves,datasets/AR-DAVID/Foliage_Blur_Level003.mp4,datasets/AR-DAVID/Foliage_reference_Level001.mp4,,6.796236991882324,16.302569150924683,6.372164,4
Foliage_Blur_l3_100_noise,datasets/AR-DAVID/Foliage_Blur_Level003.mp4,datasets/AR-DAVID/Foliage_reference_Level001.mp4,,7.9307861328125,14.779632091522217,5.6618495,4
Foliage_Blur_l3_10_noise,datasets/AR-DAVID/Foliage_Blur_Level003.mp4,datasets/AR-DAVID/Foliage_reference_Level001.mp4,,6.7731475830078125,15.64730978012085,6.3030677,4
Foliage_ColorFringes_l2_100_flat,datasets/AR-DAVID/Foliage_ColorFringes_Level002.mp4,datasets/AR-DAVID/Foliage_reference_Level001.mp4,,8.286681175231934,16.42153525352478,7.5435658,4
Foliage_ColorFringes_l2_10_flat,datasets/AR-DAVID/Foliage_ColorFringes_Level002.mp4,datasets/AR-DAVID/Foliage_reference_Level001.mp4,,7.368159294128418,16.323991060256958,7.116589,4
Foliage_ColorFringes_l2_100_leaves,datasets/AR-DAVID/Foliage_ColorFringes_Level002.mp4,datasets/AR-DAVID/Foliage_reference_Level001.mp4,,8.354182243347168,17.07171869277954,7.714046,4
Foliage_ColorFringes_l2_10_leaves,datasets/AR-DAVID/Foliage_ColorFringes_Level002.mp4,datasets/AR-DAVID/Foliage_reference_Level001.mp4,,7.3886260986328125,15.953019857406616,7.8396683,4
Foliage_ColorFringes_l2_100_noise,datasets/AR-DAVID/Foliage_ColorFringes_Level002.mp4,datasets/AR-DAVID/Foliage_reference_Level001.mp4,,8.288631439208984,15.42650842666626,7.7251496,4
Foliage_ColorFringes_l2_10_noise,datasets/AR-DAVID/Foliage_ColorFringes_Level002.mp4,datasets/AR-DAVID/Foliage_reference_Level001.mp4,,7.371394157409668,15.788384437561035,7.872838,4
Foliage_ColorFringes_l3_100_flat,datasets/AR-DAVID/Foliage_ColorFringes_Level003.mp4,datasets/AR-DAVID/Foliage_reference_Level001.mp4,,7.497273921966553,16.893852710723877,6.0842834,4
Foliage_ColorFringes_l3_10_flat,datasets/AR-DAVID/Foliage_ColorFringes_Level003.mp4,datasets/AR-DAVID/Foliage_reference_Level001.mp4,,6.291437149047852,15.461949825286865,5.8202133,4
Foliage_ColorFringes_l3_100_leaves,datasets/AR-DAVID/Foliage_ColorFringes_Level003.mp4,datasets/AR-DAVID/Foliage_reference_Level001.mp4,,7.595734119415283,16.740241050720215,5.397392,4
Foliage_ColorFringes_l3_10_leaves,datasets/AR-DAVID/Foliage_ColorFringes_Level003.mp4,datasets/AR-DAVID/Foliage_reference_Level001.mp4,,6.31498908996582,16.039690732955933,5.763419,4
Foliage_ColorFringes_l3_100_noise,datasets/AR-DAVID/Foliage_ColorFringes_Level003.mp4,datasets/AR-DAVID/Foliage_reference_Level001.mp4,,7.5001115798950195,16.159078359603882,6.449641,4
Foliage_ColorFringes_l3_10_noise,datasets/AR-DAVID/Foliage_ColorFringes_Level003.mp4,datasets/AR-DAVID/Foliage_reference_Level001.mp4,,6.295149803161621,17.116819858551025,6.2504807,4
Foliage_Contrast_l2_100_flat,datasets/AR-DAVID/Foliage_Contrast_Level002.mp4,datasets/AR-DAVID/Foliage_reference_Level001.mp4,,9.936748504638672,15.35951566696167,9.670667,4
Foliage_Contrast_l2_10_flat,datasets/AR-DAVID/Foliage_Contrast_Level002.mp4,datasets/AR-DAVID/Foliage_reference_Level001.mp4,,9.741655349731445,16.65701913833618,9.658291,4
Foliage_Contrast_l2_100_leaves,datasets/AR-DAVID/Foliage_Contrast_Level002.mp4,datasets/AR-DAVID/Foliage_reference_Level001.mp4,,9.942627906799316,16.506924390792847,10.122199,4
Foliage_Contrast_l2_10_leaves,datasets/AR-DAVID/Foliage_Contrast_Level002.mp4,datasets/AR-DAVID/Foliage_reference_Level001.mp4,,9.753180503845215,17.0791118144989,10.275014,4
Foliage_Contrast_l2_100_noise,datasets/AR-DAVID/Foliage_Contrast_Level002.mp4,datasets/AR-DAVID/Foliage_reference_Level001.mp4,,9.936925888061523,17.045676469802856,9.925655,4
Foliage_Contrast_l2_10_noise,datasets/AR-DAVID/Foliage_Contrast_Level002.mp4,datasets/AR-DAVID/Foliage_reference_Level001.mp4,,9.743581771850586,16.867276668548584,10.504051,4
Foliage_Contrast_l3_100_flat,datasets/AR-DAVID/Foliage_Contrast_Level003.mp4,datasets/AR-DAVID/Foliage_reference_Level001.mp4,,9.834711074829102,15.638771295547485,10.354946,4
Foliage_Contrast_l3_10_flat,datasets/AR-DAVID/Foliage_Contrast_Level003.mp4,datasets/AR-DAVID/Foliage_reference_Level001.mp4,,8.953653335571289,16.104222536087036,9.408188,4
Foliage_Contrast_l3_100_leaves,datasets/AR-DAVID/Foliage_Contrast_Level003.mp4,datasets/AR-DAVID/Foliage_reference_Level001.mp4,,9.849957466125488,16.293009042739868,9.696335,4
Foliage_Contrast_l3_10_leaves,datasets/AR-DAVID/Foliage_Contrast_Level003.mp4,datasets/AR-DAVID/Foliage_reference_Level001.mp4,,9.019956588745117,16.14071249961853,9.214516,4
Foliage_Contrast_l3_100_noise,datasets/AR-DAVID/Foliage_Contrast_Level003.mp4,datasets/AR-DAVID/Foliage_reference_Level001.mp4,,9.835179328918457,16.626277923583984,9.988366,4
Foliage_Contrast_l3_10_noise,datasets/AR-DAVID/Foliage_Contrast_Level003.mp4,datasets/AR-DAVID/Foliage_reference_Level001.mp4,,8.964540481567383,16.425057888031006,10.1044855,4
Foliage_Dither_l2_100_flat,datasets/AR-DAVID/Foliage_Dither_Level002.mp4,datasets/AR-DAVID/Foliage_reference_Level001.mp4,,9.93476676940918,19.801548719406128,9.466753,4
Foliage_Dither_l2_10_flat,datasets/AR-DAVID/Foliage_Dither_Level002.mp4,datasets/AR-DAVID/Foliage_reference_Level001.mp4,,9.813055992126465,18.583195686340332,9.782372,4
Foliage_Dither_l2_100_leaves,datasets/AR-DAVID/Foliage_Dither_Level002.mp4,datasets/AR-DAVID/Foliage_reference_Level001.mp4,,9.939614295959473,18.569700479507446,9.875288,4
Foliage_Dither_l2_10_leaves,datasets/AR-DAVID/Foliage_Dither_Level002.mp4,datasets/AR-DAVID/Foliage_reference_Level001.mp4,,9.817811012268066,18.637323141098022,9.582352,4
Foliage_Dither_l2_100_noise,datasets/AR-DAVID/Foliage_Dither_Level002.mp4,datasets/AR-DAVID/Foliage_reference_Level001.mp4,,9.93491268157959,17.485334157943726,9.781255,4
Foliage_Dither_l2_10_noise,datasets/AR-DAVID/Foliage_Dither_Level002.mp4,datasets/AR-DAVID/Foliage_reference_Level001.mp4,,9.813820838928223,18.707699298858643,9.8002615,4
Foliage_Dither_l3_100_flat,datasets/AR-DAVID/Foliage_Dither_Level003.mp4,datasets/AR-DAVID/Foliage_reference_Level001.mp4,,9.707439422607422,18.719784259796143,10.016329,4
Foliage_Dither_l3_10_flat,datasets/AR-DAVID/Foliage_Dither_Level003.mp4,datasets/AR-DAVID/Foliage_reference_Level001.mp4,,9.290684700012207,18.48867130279541,9.108956,4
Foliage_Dither_l3_100_leaves,datasets/AR-DAVID/Foliage_Dither_Level003.mp4,datasets/AR-DAVID/Foliage_reference_Level001.mp4,,9.726781845092773,18.070053100585938,10.439892,4
Foliage_Dither_l3_10_leaves,datasets/AR-DAVID/Foliage_Dither_Level003.mp4,datasets/AR-DAVID/Foliage_reference_Level001.mp4,,9.305073738098145,19.723913192749023,9.068607,4
Foliage_Dither_l3_100_noise,datasets/AR-DAVID/Foliage_Dither_Level003.mp4,datasets/AR-DAVID/Foliage_reference_Level001.mp4,,9.708015441894531,19.290231466293335,9.317868,4
Foliage_Dither_l3_10_noise,datasets/AR-DAVID/Foliage_Dither_Level003.mp4,datasets/AR-DAVID/Foliage_reference_Level001.mp4,,9.292990684509277,20.553613424301147,9.522558,4
Foliage_LSNU_l2_100_flat,datasets/AR-DAVID/Foliage_LSNU_Level002.mp4,datasets/AR-DAVID/Foliage_reference_Level001.mp4,,9.730433464050293,16.126782178878784,9.249913,4
Foliage_LSNU_l2_10_flat,datasets/AR-DAVID/Foliage_LSNU_Level002.mp4,datasets/AR-DAVID/Foliage_reference_Level001.mp4,,9.473691940307617,16.164764881134033,10.048667,4
Foliage_LSNU_l2_100_leaves,datasets/AR-DAVID/Foliage_LSNU_Level002.mp4,datasets/AR-DAVID/Foliage_reference_Level001.mp4,,9.747328758239746,17.7525532245636,10.952923,4
Foliage_LSNU_l2_10_leaves,datasets/AR-DAVID/Foliage_LSNU_Level002.mp4,datasets/AR-DAVID/Foliage_reference_Level001.mp4,,9.479540824890137,16.9952073097229,9.930129,4
Foliage_LSNU_l2_100_noise,datasets/AR-DAVID/Foliage_LSNU_Level002.mp4,datasets/AR-DAVID/Foliage_reference_Level001.mp4,,9.730929374694824,18.946000337600708,9.848145,4
Foliage_LSNU_l2_10_noise,datasets/AR-DAVID/Foliage_LSNU_Level002.mp4,datasets/AR-DAVID/Foliage_reference_Level001.mp4,,9.474616050720215,15.756772994995117,10.113357,4
Foliage_LSNU_l3_100_flat,datasets/AR-DAVID/Foliage_LSNU_Level003.mp4,datasets/AR-DAVID/Foliage_reference_Level001.mp4,,9.500221252441406,18.1431405544281,9.870301,4
Foliage_LSNU_l3_10_flat,datasets/AR-DAVID/Foliage_LSNU_Level003.mp4,datasets/AR-DAVID/Foliage_reference_Level001.mp4,,9.066093444824219,17.177185773849487,9.458764,4
Foliage_LSNU_l3_100_leaves,datasets/AR-DAVID/Foliage_LSNU_Level003.mp4,datasets/AR-DAVID/Foliage_reference_Level001.mp4,,9.529586791992188,17.77917790412903,10.233936,4
Foliage_LSNU_l3_10_leaves,datasets/AR-DAVID/Foliage_LSNU_Level003.mp4,datasets/AR-DAVID/Foliage_reference_Level001.mp4,,9.0758638381958,16.835897207260132,9.656389,4
Foliage_LSNU_l3_100_noise,datasets/AR-DAVID/Foliage_LSNU_Level003.mp4,datasets/AR-DAVID/Foliage_reference_Level001.mp4,,9.501081466674805,19.549620151519775,10.135033,4
Foliage_LSNU_l3_10_noise,datasets/AR-DAVID/Foliage_LSNU_Level003.mp4,datasets/AR-DAVID/Foliage_reference_Level001.mp4,,9.067638397216797,17.67019772529602,9.959687,4
Foliage_WGNU_l2_100_flat,datasets/AR-DAVID/Foliage_WGNU_Level002.mp4,datasets/AR-DAVID/Foliage_reference_Level001.mp4,,9.204418182373047,16.020636796951294,8.603721,4
Foliage_WGNU_l2_10_flat,datasets/AR-DAVID/Foliage_WGNU_Level002.mp4,datasets/AR-DAVID/Foliage_reference_Level001.mp4,,8.528636932373047,16.944661378860474,8.456164,4
Foliage_WGNU_l2_100_leaves,datasets/AR-DAVID/Foliage_WGNU_Level002.mp4,datasets/AR-DAVID/Foliage_reference_Level001.mp4,,9.24613094329834,18.234702587127686,8.862357,4
Foliage_WGNU_l2_10_leaves,datasets/AR-DAVID/Foliage_WGNU_Level002.mp4,datasets/AR-DAVID/Foliage_reference_Level001.mp4,,8.544898986816406,16.785125732421875,9.206599,4
Foliage_WGNU_l2_100_noise,datasets/AR-DAVID/Foliage_WGNU_Level002.mp4,datasets/AR-DAVID/Foliage_reference_Level001.mp4,,9.205628395080566,15.437272548675537,9.116177,4
Foliage_WGNU_l2_10_noise,datasets/AR-DAVID/Foliage_WGNU_Level002.mp4,datasets/AR-DAVID/Foliage_reference_Level001.mp4,,8.531205177307129,17.21728014945984,8.973619,4
Foliage_WGNU_l3_100_flat,datasets/AR-DAVID/Foliage_WGNU_Level003.mp4,datasets/AR-DAVID/Foliage_reference_Level001.mp4,,8.828125953674316,18.244367837905884,7.26217,4
Foliage_WGNU_l3_10_flat,datasets/AR-DAVID/Foliage_WGNU_Level003.mp4,datasets/AR-DAVID/Foliage_reference_Level001.mp4,,8.076944351196289,16.37976861000061,8.058093,4
Foliage_WGNU_l3_100_leaves,datasets/AR-DAVID/Foliage_WGNU_Level003.mp4,datasets/AR-DAVID/Foliage_reference_Level001.mp4,,8.884836196899414,16.873711824417114,7.8716016,4
Foliage_WGNU_l3_10_leaves,datasets/AR-DAVID/Foliage_WGNU_Level003.mp4,datasets/AR-DAVID/Foliage_reference_Level001.mp4,,8.093101501464844,16.957467079162598,8.015831,4
Foliage_WGNU_l3_100_noise,datasets/AR-DAVID/Foliage_WGNU_Level003.mp4,datasets/AR-DAVID/Foliage_reference_Level001.mp4,,8.829769134521484,16.825866222381592,7.566734,4
Foliage_WGNU_l3_10_noise,datasets/AR-DAVID/Foliage_WGNU_Level003.mp4,datasets/AR-DAVID/Foliage_reference_Level001.mp4,,8.079488754272461,15.459968328475952,7.8703985,4
Messaging_Blur_l2_100_flat,datasets/AR-DAVID/Messaging_Blur_Level002.mp4,datasets/AR-DAVID/Messaging_reference_Level001.mp4,,8.896331787109375,10.066260814666748,7.230526,5
Messaging_Blur_l2_10_flat,datasets/AR-DAVID/Messaging_Blur_Level002.mp4,datasets/AR-DAVID/Messaging_reference_Level001.mp4,,8.357536315917969,9.675076723098755,7.022331,5
Messaging_Blur_l2_100_leaves,datasets/AR-DAVID/Messaging_Blur_Level002.mp4,datasets/AR-DAVID/Messaging_reference_Level001.mp4,,8.937621116638184,9.957961797714233,7.177606,5
Messaging_Blur_l2_10_leaves,datasets/AR-DAVID/Messaging_Blur_Level002.mp4,datasets/AR-DAVID/Messaging_reference_Level001.mp4,,8.369888305664062,9.509721279144287,6.8237495,5
Messaging_Blur_l2_100_noise,datasets/AR-DAVID/Messaging_Blur_Level002.mp4,datasets/AR-DAVID/Messaging_reference_Level001.mp4,,8.897526741027832,9.417341947555542,7.00211,5
Messaging_Blur_l2_10_noise,datasets/AR-DAVID/Messaging_Blur_Level002.mp4,datasets/AR-DAVID/Messaging_reference_Level001.mp4,,8.359506607055664,9.753149032592773,7.6769905,5
Messaging_Blur_l3_100_flat,datasets/AR-DAVID/Messaging_Blur_Level003.mp4,datasets/AR-DAVID/Messaging_reference_Level001.mp4,,8.61175537109375,9.651657581329346,5.273715,5
Messaging_Blur_l3_10_flat,datasets/AR-DAVID/Messaging_Blur_Level003.mp4,datasets/AR-DAVID/Messaging_reference_Level001.mp4,,8.017993927001953,9.54719066619873,5.052296,5
Messaging_Blur_l3_100_leaves,datasets/AR-DAVID/Messaging_Blur_Level003.mp4,datasets/AR-DAVID/Messaging_reference_Level001.mp4,,8.65688705444336,9.41662311553955,4.881472,5
Messaging_Blur_l3_10_leaves,datasets/AR-DAVID/Messaging_Blur_Level003.mp4,datasets/AR-DAVID/Messaging_reference_Level001.mp4,,8.032247543334961,10.859919309616089,4.994972,5
Messaging_Blur_l3_100_noise,datasets/AR-DAVID/Messaging_Blur_Level003.mp4,datasets/AR-DAVID/Messaging_reference_Level001.mp4,,8.61306095123291,9.326982736587524,5.286647,5
Messaging_Blur_l3_10_noise,datasets/AR-DAVID/Messaging_Blur_Level003.mp4,datasets/AR-DAVID/Messaging_reference_Level001.mp4,,8.020275115966797,9.4173903465271,5.2688365,5
Messaging_ColorFringes_l2_100_flat,datasets/AR-DAVID/Messaging_ColorFringes_Level002.mp4,datasets/AR-DAVID/Messaging_reference_Level001.mp4,,8.903558731079102,9.989836692810059,6.690096,5
Messaging_ColorFringes_l2_10_flat,datasets/AR-DAVID/Messaging_ColorFringes_Level002.mp4,datasets/AR-DAVID/Messaging_reference_Level001.mp4,,8.377769470214844,9.633468627929688,6.4754457,5
Messaging_ColorFringes_l2_100_leaves,datasets/AR-DAVID/Messaging_ColorFringes_Level002.mp4,datasets/AR-DAVID/Messaging_reference_Level001.mp4,,8.94343090057373,9.434887170791626,6.292633,5
Messaging_ColorFringes_l2_10_leaves,datasets/AR-DAVID/Messaging_ColorFringes_Level002.mp4,datasets/AR-DAVID/Messaging_reference_Level001.mp4,,8.392029762268066,9.413911581039429,7.1881747,5
Messaging_ColorFringes_l2_100_noise,datasets/AR-DAVID/Messaging_ColorFringes_Level002.mp4,datasets/AR-DAVID/Messaging_reference_Level001.mp4,,8.904709815979004,9.581248044967651,6.356838,5
Messaging_ColorFringes_l2_10_noise,datasets/AR-DAVID/Messaging_ColorFringes_Level002.mp4,datasets/AR-DAVID/Messaging_reference_Level001.mp4,,8.380062103271484,9.404179334640503,6.3575287,5
Messaging_ColorFringes_l3_100_flat,datasets/AR-DAVID/Messaging_ColorFringes_Level003.mp4,datasets/AR-DAVID/Messaging_reference_Level001.mp4,,8.35570240020752,10.15184235572815,5.633837,5
Messaging_ColorFringes_l3_10_flat,datasets/AR-DAVID/Messaging_ColorFringes_Level003.mp4,datasets/AR-DAVID/Messaging_reference_Level001.mp4,,7.5621185302734375,10.215646266937256,5.1135764,5
Messaging_ColorFringes_l3_100_leaves,datasets/AR-DAVID/Messaging_ColorFringes_Level003.mp4,datasets/AR-DAVID/Messaging_reference_Level001.mp4,,8.40955638885498,9.563560724258423,5.258248,5
Messaging_ColorFringes_l3_10_leaves,datasets/AR-DAVID/Messaging_ColorFringes_Level003.mp4,datasets/AR-DAVID/Messaging_reference_Level001.mp4,,7.58579158782959,9.98836898803711,5.3737097,5
Messaging_ColorFringes_l3_100_noise,datasets/AR-DAVID/Messaging_ColorFringes_Level003.mp4,datasets/AR-DAVID/Messaging_reference_Level001.mp4,,8.357253074645996,9.826924800872803,5.946793,5
Messaging_ColorFringes_l3_10_noise,datasets/AR-DAVID/Messaging_ColorFringes_Level003.mp4,datasets/AR-DAVID/Messaging_reference_Level001.mp4,,7.5659027099609375,9.897473335266113,4.9078555,5
Messaging_Contrast_l2_100_flat,datasets/AR-DAVID/Messaging_Contrast_Level002.mp4,datasets/AR-DAVID/Messaging_reference_Level001.mp4,,9.966960906982422,9.898404836654663,9.998705,5
Messaging_Contrast_l2_10_flat,datasets/AR-DAVID/Messaging_Contrast_Level002.mp4,datasets/AR-DAVID/Messaging_reference_Level001.mp4,,9.5910005569458,10.47973370552063,8.660979,5
Messaging_Contrast_l2_100_leaves,datasets/AR-DAVID/Messaging_Contrast_Level002.mp4,datasets/AR-DAVID/Messaging_reference_Level001.mp4,,9.970453262329102,9.720080852508545,9.818315,5
Messaging_Contrast_l2_10_leaves,datasets/AR-DAVID/Messaging_Contrast_Level002.mp4,datasets/AR-DAVID/Messaging_reference_Level001.mp4,,9.635405540466309,9.68567156791687,9.324652,5
Messaging_Contrast_l2_100_noise,datasets/AR-DAVID/Messaging_Contrast_Level002.mp4,datasets/AR-DAVID/Messaging_reference_Level001.mp4,,9.967029571533203,9.727754831314087,9.906935,5
Messaging_Contrast_l2_10_noise,datasets/AR-DAVID/Messaging_Contrast_Level002.mp4,datasets/AR-DAVID/Messaging_reference_Level001.mp4,,9.598503112792969,10.233742713928223,10.058576,5
Messaging_Contrast_l3_100_flat,datasets/AR-DAVID/Messaging_Contrast_Level003.mp4,datasets/AR-DAVID/Messaging_reference_Level001.mp4,,9.865464210510254,9.724876165390015,9.041607,5
Messaging_Contrast_l3_10_flat,datasets/AR-DAVID/Messaging_Contrast_Level003.mp4,datasets/AR-DAVID/Messaging_reference_Level001.mp4,,8.624910354614258,10.442725896835327,8.242192,5
Messaging_Contrast_l3_100_leaves,datasets/AR-DAVID/Messaging_Contrast_Level003.mp4,datasets/AR-DAVID/Messaging_reference_Level001.mp4,,9.882884979248047,9.524038314819336,9.474778,5
Messaging_Contrast_l3_10_leaves,datasets/AR-DAVID/Messaging_Contrast_Level003.mp4,datasets/AR-DAVID/Messaging_reference_Level001.mp4,,8.712349891662598,10.253792762756348,8.0931015,5
Messaging_Contrast_l3_100_noise,datasets/AR-DAVID/Messaging_Contrast_Level003.mp4,datasets/AR-DAVID/Messaging_reference_Level001.mp4,,9.866009712219238,9.3833909034729,8.997015,5
Messaging_Contrast_l3_10_noise,datasets/AR-DAVID/Messaging_Contrast_Level003.mp4,datasets/AR-DAVID/Messaging_reference_Level001.mp4,,8.63921070098877,9.672275066375732,8.840722,5
Messaging_Dither_l2_100_flat,datasets/AR-DAVID/Messaging_Dither_Level002.mp4,datasets/AR-DAVID/Messaging_reference_Level001.mp4,,9.937976837158203,10.435604333877563,10.815807,5
Messaging_Dither_l2_10_flat,datasets/AR-DAVID/Messaging_Dither_Level002.mp4,datasets/AR-DAVID/Messaging_reference_Level001.mp4,,9.884417533874512,11.214307069778442,10.5041685,5
Messaging_Dither_l2_100_leaves,datasets/AR-DAVID/Messaging_Dither_Level002.mp4,datasets/AR-DAVID/Messaging_reference_Level001.mp4,,9.941282272338867,10.956687211990356,9.571845,5
Messaging_Dither_l2_10_leaves,datasets/AR-DAVID/Messaging_Dither_Level002.mp4,datasets/AR-DAVID/Messaging_reference_Level001.mp4,,9.885858535766602,10.61070990562439,9.409212,5
Messaging_Dither_l2_100_noise,datasets/AR-DAVID/Messaging_Dither_Level002.mp4,datasets/AR-DAVID/Messaging_reference_Level001.mp4,,9.938074111938477,11.171080350875854,9.631508,5
Messaging_Dither_l2_10_noise,datasets/AR-DAVID/Messaging_Dither_Level002.mp4,datasets/AR-DAVID/Messaging_reference_Level001.mp4,,9.884647369384766,11.052022933959961,10.161595,5
Messaging_Dither_l3_100_flat,datasets/AR-DAVID/Messaging_Dither_Level003.mp4,datasets/AR-DAVID/Messaging_reference_Level001.mp4,,9.69581127166748,11.368889331817627,9.9717655,5
Messaging_Dither_l3_10_flat,datasets/AR-DAVID/Messaging_Dither_Level003.mp4,datasets/AR-DAVID/Messaging_reference_Level001.mp4,,9.504058837890625,10.781817436218262,8.569078,5
Messaging_Dither_l3_100_leaves,datasets/AR-DAVID/Messaging_Dither_Level003.mp4,datasets/AR-DAVID/Messaging_reference_Level001.mp4,,9.709094047546387,12.308155298233032,8.922113,5
Messaging_Dither_l3_10_leaves,datasets/AR-DAVID/Messaging_Dither_Level003.mp4,datasets/AR-DAVID/Messaging_reference_Level001.mp4,,9.508545875549316,11.480045318603516,8.345138,5
Messaging_Dither_l3_100_noise,datasets/AR-DAVID/Messaging_Dither_Level003.mp4,datasets/AR-DAVID/Messaging_reference_Level001.mp4,,9.696197509765625,11.423935651779175,9.317618,5
Messaging_Dither_l3_10_noise,datasets/AR-DAVID/Messaging_Dither_Level003.mp4,datasets/AR-DAVID/Messaging_reference_Level001.mp4,,9.504770278930664,11.156976222991943,9.463623,5
Messaging_LSNU_l2_100_flat,datasets/AR-DAVID/Messaging_LSNU_Level002.mp4,datasets/AR-DAVID/Messaging_reference_Level001.mp4,,9.633137702941895,10.580407619476318,8.916049,5
Messaging_LSNU_l2_10_flat,datasets/AR-DAVID/Messaging_LSNU_Level002.mp4,datasets/AR-DAVID/Messaging_reference_Level001.mp4,,9.389314651489258,9.962767124176025,9.356389,5
Messaging_LSNU_l2_100_leaves,datasets/AR-DAVID/Messaging_LSNU_Level002.mp4,datasets/AR-DAVID/Messaging_reference_Level001.mp4,,9.652565002441406,10.193241357803345,8.10168,5
Messaging_LSNU_l2_10_leaves,datasets/AR-DAVID/Messaging_LSNU_Level002.mp4,datasets/AR-DAVID/Messaging_reference_Level001.mp4,,9.393818855285645,9.941148281097412,8.665279,5
Messaging_LSNU_l2_100_noise,datasets/AR-DAVID/Messaging_LSNU_Level002.mp4,datasets/AR-DAVID/Messaging_reference_Level001.mp4,,9.633702278137207,10.961180448532104,9.103247,5
Messaging_LSNU_l2_10_noise,datasets/AR-DAVID/Messaging_LSNU_Level002.mp4,datasets/AR-DAVID/Messaging_reference_Level001.mp4,,9.390024185180664,10.70564341545105,9.352715,5
Messaging_LSNU_l3_100_flat,datasets/AR-DAVID/Messaging_LSNU_Level003.mp4,datasets/AR-DAVID/Messaging_reference_Level001.mp4,,9.385220527648926,10.76406192779541,8.292468,5
Messaging_LSNU_l3_10_flat,datasets/AR-DAVID/Messaging_LSNU_Level003.mp4,datasets/AR-DAVID/Messaging_reference_Level001.mp4,,9.040252685546875,9.966623067855835,8.798493,5
Messaging_LSNU_l3_100_leaves,datasets/AR-DAVID/Messaging_LSNU_Level003.mp4,datasets/AR-DAVID/Messaging_reference_Level001.mp4,,9.413898468017578,9.915878534317017,8.213135,5
Messaging_LSNU_l3_10_leaves,datasets/AR-DAVID/Messaging_LSNU_Level003.mp4,datasets/AR-DAVID/Messaging_reference_Level001.mp4,,9.04654312133789,10.683759927749634,7.334659,5
Messaging_LSNU_l3_100_noise,datasets/AR-DAVID/Messaging_LSNU_Level003.mp4,datasets/AR-DAVID/Messaging_reference_Level001.mp4,,9.3860502243042,10.192020416259766,8.744397,5
Messaging_LSNU_l3_10_noise,datasets/AR-DAVID/Messaging_LSNU_Level003.mp4,datasets/AR-DAVID/Messaging_reference_Level001.mp4,,9.041243553161621,10.288028240203857,8.403271,5
Messaging_WGNU_l2_100_flat,datasets/AR-DAVID/Messaging_WGNU_Level002.mp4,datasets/AR-DAVID/Messaging_reference_Level001.mp4,,8.636672019958496,9.621184825897217,7.480597,5
Messaging_WGNU_l2_10_flat,datasets/AR-DAVID/Messaging_WGNU_Level002.mp4,datasets/AR-DAVID/Messaging_reference_Level001.mp4,,7.344137668609619,9.670031309127808,8.209385,5
Messaging_WGNU_l2_100_leaves,datasets/AR-DAVID/Messaging_WGNU_Level002.mp4,datasets/AR-DAVID/Messaging_reference_Level001.mp4,,8.73442268371582,9.821188688278198,8.57512,5
Messaging_WGNU_l2_10_leaves,datasets/AR-DAVID/Messaging_WGNU_Level002.mp4,datasets/AR-DAVID/Messaging_reference_Level001.mp4,,7.368661880493164,9.71207070350647,8.380032,5
Messaging_WGNU_l2_100_noise,datasets/AR-DAVID/Messaging_WGNU_Level002.mp4,datasets/AR-DAVID/Messaging_reference_Level001.mp4,,8.639551162719727,10.717543840408325,7.7871203,5
Messaging_WGNU_l2_10_noise,datasets/AR-DAVID/Messaging_WGNU_Level002.mp4,datasets/AR-DAVID/Messaging_reference_Level001.mp4,,7.348024368286133,9.561378717422485,8.828205,5
Messaging_WGNU_l3_100_flat,datasets/AR-DAVID/Messaging_WGNU_Level003.mp4,datasets/AR-DAVID/Messaging_reference_Level001.mp4,,8.05695629119873,9.698983669281006,7.6815677,5
Messaging_WGNU_l3_10_flat,datasets/AR-DAVID/Messaging_WGNU_Level003.mp4,datasets/AR-DAVID/Messaging_reference_Level001.mp4,,6.766225814819336,9.8692626953125,8.419851,5
Messaging_WGNU_l3_100_leaves,datasets/AR-DAVID/Messaging_WGNU_Level003.mp4,datasets/AR-DAVID/Messaging_reference_Level001.mp4,,8.171175956726074,9.82881784439087,8.045438,5
Messaging_WGNU_l3_10_leaves,datasets/AR-DAVID/Messaging_WGNU_Level003.mp4,datasets/AR-DAVID/Messaging_reference_Level001.mp4,,6.7896728515625,9.79419231414795,8.26652,5
Messaging_WGNU_l3_100_noise,datasets/AR-DAVID/Messaging_WGNU_Level003.mp4,datasets/AR-DAVID/Messaging_reference_Level001.mp4,,8.060270309448242,10.31480073928833,7.805053,5
Messaging_WGNU_l3_10_noise,datasets/AR-DAVID/Messaging_WGNU_Level003.mp4,datasets/AR-DAVID/Messaging_reference_Level001.mp4,,6.769949436187744,10.36907958984375,8.718863,5
Talking_Blur_l2_100_flat,datasets/AR-DAVID/Talking_Blur_Level002.mp4,datasets/AR-DAVID/Talking_reference_Level001.mp4,,9.751505851745605,13.487332344055176,9.001597,6
Talking_Blur_l2_10_flat,datasets/AR-DAVID/Talking_Blur_Level002.mp4,datasets/AR-DAVID/Talking_reference_Level001.mp4,,9.442123413085938,13.804272174835205,8.816516,6
Talking_Blur_l2_100_leaves,datasets/AR-DAVID/Talking_Blur_Level002.mp4,datasets/AR-DAVID/Talking_reference_Level001.mp4,,9.767258644104004,13.507805585861206,8.26221,6
Talking_Blur_l2_10_leaves,datasets/AR-DAVID/Talking_Blur_Level002.mp4,datasets/AR-DAVID/Talking_reference_Level001.mp4,,9.453378677368164,13.425303220748901,8.971661,6
Talking_Blur_l2_100_noise,datasets/AR-DAVID/Talking_Blur_Level002.mp4,datasets/AR-DAVID/Talking_reference_Level001.mp4,,9.751970291137695,13.695523738861084,8.092161,6
Talking_Blur_l2_10_noise,datasets/AR-DAVID/Talking_Blur_Level002.mp4,datasets/AR-DAVID/Talking_reference_Level001.mp4,,9.443946838378906,13.700642108917236,9.010973,6
Talking_Blur_l3_100_flat,datasets/AR-DAVID/Talking_Blur_Level003.mp4,datasets/AR-DAVID/Talking_reference_Level001.mp4,,9.605337142944336,13.410752534866333,7.643989,6
Talking_Blur_l3_10_flat,datasets/AR-DAVID/Talking_Blur_Level003.mp4,datasets/AR-DAVID/Talking_reference_Level001.mp4,,9.202143669128418,13.682201147079468,7.233871,6
Talking_Blur_l3_100_leaves,datasets/AR-DAVID/Talking_Blur_Level003.mp4,datasets/AR-DAVID/Talking_reference_Level001.mp4,,9.627326011657715,13.747685670852661,7.8379884,6
Talking_Blur_l3_10_leaves,datasets/AR-DAVID/Talking_Blur_Level003.mp4,datasets/AR-DAVID/Talking_reference_Level001.mp4,,9.216628074645996,14.597374439239502,7.051386,6
Talking_Blur_l3_100_noise,datasets/AR-DAVID/Talking_Blur_Level003.mp4,datasets/AR-DAVID/Talking_reference_Level001.mp4,,9.605981826782227,13.93371057510376,7.3733387,6
Talking_Blur_l3_10_noise,datasets/AR-DAVID/Talking_Blur_Level003.mp4,datasets/AR-DAVID/Talking_reference_Level001.mp4,,9.20449447631836,13.600092887878418,7.8720207,6
Talking_ColorFringes_l2_100_flat,datasets/AR-DAVID/Talking_ColorFringes_Level002.mp4,datasets/AR-DAVID/Talking_reference_Level001.mp4,,9.736668586730957,14.415820121765137,8.026742,6
Talking_ColorFringes_l2_10_flat,datasets/AR-DAVID/Talking_ColorFringes_Level002.mp4,datasets/AR-DAVID/Talking_reference_Level001.mp4,,9.299808502197266,14.00252628326416,8.139374,6
Talking_ColorFringes_l2_100_leaves,datasets/AR-DAVID/Talking_ColorFringes_Level002.mp4,datasets/AR-DAVID/Talking_reference_Level001.mp4,,9.759984016418457,13.601952075958252,8.344226,6
Talking_ColorFringes_l2_10_leaves,datasets/AR-DAVID/Talking_ColorFringes_Level002.mp4,datasets/AR-DAVID/Talking_reference_Level001.mp4,,9.312145233154297,13.623203992843628,7.2839975,6
Talking_ColorFringes_l2_100_noise,datasets/AR-DAVID/Talking_ColorFringes_Level002.mp4,datasets/AR-DAVID/Talking_reference_Level001.mp4,,9.73736572265625,13.747809886932373,8.199077,6
Talking_ColorFringes_l2_10_noise,datasets/AR-DAVID/Talking_ColorFringes_Level002.mp4,datasets/AR-DAVID/Talking_reference_Level001.mp4,,9.301777839660645,15.221819877624512,7.771765,6
Talking_ColorFringes_l3_100_flat,datasets/AR-DAVID/Talking_ColorFringes_Level003.mp4,datasets/AR-DAVID/Talking_reference_Level001.mp4,,9.35879135131836,13.492766618728638,6.365396,6
Talking_ColorFringes_l3_10_flat,datasets/AR-DAVID/Talking_ColorFringes_Level003.mp4,datasets/AR-DAVID/Talking_reference_Level001.mp4,,8.59994888305664,13.48357629776001,6.505201,6
Talking_ColorFringes_l3_100_leaves,datasets/AR-DAVID/Talking_ColorFringes_Level003.mp4,datasets/AR-DAVID/Talking_reference_Level001.mp4,,9.405803680419922,13.635126113891602,7.1948795,6
Talking_ColorFringes_l3_10_leaves,datasets/AR-DAVID/Talking_ColorFringes_Level003.mp4,datasets/AR-DAVID/Talking_reference_Level001.mp4,,8.618821144104004,13.68864631652832,6.3356223,6
Talking_ColorFringes_l3_100_noise,datasets/AR-DAVID/Talking_ColorFringes_Level003.mp4,datasets/AR-DAVID/Talking_reference_Level001.mp4,,9.360179901123047,13.5847647190094,5.94832,6
Talking_ColorFringes_l3_10_noise,datasets/AR-DAVID/Talking_ColorFringes_Level003.mp4,datasets/AR-DAVID/Talking_reference_Level001.mp4,,8.602947235107422,13.85861086845398,6.5247955,6
Talking_Contrast_l2_100_flat,datasets/AR-DAVID/Talking_Contrast_Level002.mp4,datasets/AR-DAVID/Talking_reference_Level001.mp4,,9.993947982788086,13.989234685897827,9.278197,6
Talking_Contrast_l2_10_flat,datasets/AR-DAVID/Talking_Contrast_Level002.mp4,datasets/AR-DAVID/Talking_reference_Level001.mp4,,9.589445114135742,13.669243812561035,9.567473,6
Talking_Contrast_l2_100_leaves,datasets/AR-DAVID/Talking_Contrast_Level002.mp4,datasets/AR-DAVID/Talking_reference_Level001.mp4,,9.995909690856934,14.255744218826294,9.653714,6
Talking_Contrast_l2_10_leaves,datasets/AR-DAVID/Talking_Contrast_Level002.mp4,datasets/AR-DAVID/Talking_reference_Level001.mp4,,9.64448070526123,13.40664291381836,8.410614,6
Talking_Contrast_l2_100_noise,datasets/AR-DAVID/Talking_Contrast_Level002.mp4,datasets/AR-DAVID/Talking_reference_Level001.mp4,,9.994010925292969,13.755018711090088,9.566476,6
Talking_Contrast_l2_10_noise,datasets/AR-DAVID/Talking_Contrast_Level002.mp4,datasets/AR-DAVID/Talking_reference_Level001.mp4,,9.598993301391602,13.658358812332153,9.923394,6
Talking_Contrast_l3_100_flat,datasets/AR-DAVID/Talking_Contrast_Level003.mp4,datasets/AR-DAVID/Talking_reference_Level001.mp4,,9.922087669372559,13.628464221954346,8.372742,6
Talking_Contrast_l3_10_flat,datasets/AR-DAVID/Talking_Contrast_Level003.mp4,datasets/AR-DAVID/Talking_reference_Level001.mp4,,8.4912691116333,14.568225622177124,8.661468,6
Talking_Contrast_l3_100_leaves,datasets/AR-DAVID/Talking_Contrast_Level003.mp4,datasets/AR-DAVID/Talking_reference_Level001.mp4,,9.935853958129883,14.21238923072815,9.065034,6
Talking_Contrast_l3_10_leaves,datasets/AR-DAVID/Talking_Contrast_Level003.mp4,datasets/AR-DAVID/Talking_reference_Level001.mp4,,8.618364334106445,13.892101049423218,7.981022,6
Talking_Contrast_l3_100_noise,datasets/AR-DAVID/Talking_Contrast_Level003.mp4,datasets/AR-DAVID/Talking_reference_Level001.mp4,,9.922527313232422,13.738406896591187,8.61051,6
Talking_Contrast_l3_10_noise,datasets/AR-DAVID/Talking_Contrast_Level003.mp4,datasets/AR-DAVID/Talking_reference_Level001.mp4,,8.512563705444336,13.925736427307129,8.644801,6
Talking_Dither_l2_100_flat,datasets/AR-DAVID/Talking_Dither_Level002.mp4,datasets/AR-DAVID/Talking_reference_Level001.mp4,,9.977744102478027,14.66994833946228,10.254352,6
Talking_Dither_l2_10_flat,datasets/AR-DAVID/Talking_Dither_Level002.mp4,datasets/AR-DAVID/Talking_reference_Level001.mp4,,9.883018493652344,15.023675441741943,9.718029,6
Talking_Dither_l2_100_leaves,datasets/AR-DAVID/Talking_Dither_Level002.mp4,datasets/AR-DAVID/Talking_reference_Level001.mp4,,9.979930877685547,15.131462097167969,9.831325,6
Talking_Dither_l2_10_leaves,datasets/AR-DAVID/Talking_Dither_Level002.mp4,datasets/AR-DAVID/Talking_reference_Level001.mp4,,9.889839172363281,16.016013383865356,9.521469,6
Talking_Dither_l2_100_noise,datasets/AR-DAVID/Talking_Dither_Level002.mp4,datasets/AR-DAVID/Talking_reference_Level001.mp4,,9.97780990600586,16.150118350982666,9.693665,6
Talking_Dither_l2_10_noise,datasets/AR-DAVID/Talking_Dither_Level002.mp4,datasets/AR-DAVID/Talking_reference_Level001.mp4,,9.88415813446045,15.38587999343872,9.999813,6
Talking_Dither_l3_100_flat,datasets/AR-DAVID/Talking_Dither_Level003.mp4,datasets/AR-DAVID/Talking_reference_Level001.mp4,,9.883011817932129,15.51779818534851,10.050454,6
Talking_Dither_l3_10_flat,datasets/AR-DAVID/Talking_Dither_Level003.mp4,datasets/AR-DAVID/Talking_reference_Level001.mp4,,9.430062294006348,16.3743896484375,9.330112,6
Talking_Dither_l3_100_leaves,datasets/AR-DAVID/Talking_Dither_Level003.mp4,datasets/AR-DAVID/Talking_reference_Level001.mp4,,9.893238067626953,15.849735736846924,9.717206,6
Talking_Dither_l3_10_leaves,datasets/AR-DAVID/Talking_Dither_Level003.mp4,datasets/AR-DAVID/Talking_reference_Level001.mp4,,9.460012435913086,14.352372169494629,8.601228,6
Talking_Dither_l3_100_noise,datasets/AR-DAVID/Talking_Dither_Level003.mp4,datasets/AR-DAVID/Talking_reference_Level001.mp4,,9.883323669433594,14.805434226989746,9.402287,6
Talking_Dither_l3_10_noise,datasets/AR-DAVID/Talking_Dither_Level003.mp4,datasets/AR-DAVID/Talking_reference_Level001.mp4,,9.435019493103027,15.639338254928589,9.51131,6
Talking_LSNU_l2_100_flat,datasets/AR-DAVID/Talking_LSNU_Level002.mp4,datasets/AR-DAVID/Talking_reference_Level001.mp4,,9.841614723205566,13.994839906692505,9.467993,6
Talking_LSNU_l2_10_flat,datasets/AR-DAVID/Talking_LSNU_Level002.mp4,datasets/AR-DAVID/Talking_reference_Level001.mp4,,9.666613578796387,13.476672410964966,9.028705,6
Talking_LSNU_l2_100_leaves,datasets/AR-DAVID/Talking_LSNU_Level002.mp4,datasets/AR-DAVID/Talking_reference_Level001.mp4,,9.853143692016602,13.454562664031982,9.135344,6
Talking_LSNU_l2_10_leaves,datasets/AR-DAVID/Talking_LSNU_Level002.mp4,datasets/AR-DAVID/Talking_reference_Level001.mp4,,9.670477867126465,13.441360473632812,9.709104,6
Talking_LSNU_l2_100_noise,datasets/AR-DAVID/Talking_LSNU_Level002.mp4,datasets/AR-DAVID/Talking_reference_Level001.mp4,,9.84195327758789,14.369532346725464,9.113077,6
Talking_LSNU_l2_10_noise,datasets/AR-DAVID/Talking_LSNU_Level002.mp4,datasets/AR-DAVID/Talking_reference_Level001.mp4,,9.667223930358887,13.859251976013184,9.552762,6
Talking_LSNU_l3_100_flat,datasets/AR-DAVID/Talking_LSNU_Level003.mp4,datasets/AR-DAVID/Talking_reference_Level001.mp4,,9.720349311828613,14.01034927368164,8.907414,6
Talking_LSNU_l3_10_flat,datasets/AR-DAVID/Talking_LSNU_Level003.mp4,datasets/AR-DAVID/Talking_reference_Level001.mp4,,9.459158897399902,13.867546081542969,8.528679,6
Talking_LSNU_l3_100_leaves,datasets/AR-DAVID/Talking_LSNU_Level003.mp4,datasets/AR-DAVID/Talking_reference_Level001.mp4,,9.738683700561523,13.538188695907593,9.033509,6
Talking_LSNU_l3_10_leaves,datasets/AR-DAVID/Talking_LSNU_Level003.mp4,datasets/AR-DAVID/Talking_reference_Level001.mp4,,9.464706420898438,13.74507737159729,8.3015585,6
Talking_LSNU_l3_100_noise,datasets/AR-DAVID/Talking_LSNU_Level003.mp4,datasets/AR-DAVID/Talking_reference_Level001.mp4,,9.720885276794434,13.663782358169556,9.64343,6
Talking_LSNU_l3_10_noise,datasets/AR-DAVID/Talking_LSNU_Level003.mp4,datasets/AR-DAVID/Talking_reference_Level001.mp4,,9.46003532409668,13.398986577987671,9.511369,6
Talking_WGNU_l2_100_flat,datasets/AR-DAVID/Talking_WGNU_Level002.mp4,datasets/AR-DAVID/Talking_reference_Level001.mp4,,8.93313217163086,14.517900943756104,8.044578,6
Talking_WGNU_l2_10_flat,datasets/AR-DAVID/Talking_WGNU_Level002.mp4,datasets/AR-DAVID/Talking_reference_Level001.mp4,,7.8687744140625,13.58151388168335,7.8384924,6
Talking_WGNU_l2_100_leaves,datasets/AR-DAVID/Talking_WGNU_Level002.mp4,datasets/AR-DAVID/Talking_reference_Level001.mp4,,9.012221336364746,13.522823095321655,7.813939,6
Talking_WGNU_l2_10_leaves,datasets/AR-DAVID/Talking_WGNU_Level002.mp4,datasets/AR-DAVID/Talking_reference_Level001.mp4,,7.885204315185547,13.85806131362915,7.3351655,6
Talking_WGNU_l2_100_noise,datasets/AR-DAVID/Talking_WGNU_Level002.mp4,datasets/AR-DAVID/Talking_reference_Level001.mp4,,8.935428619384766,13.780797958374023,6.4549766,6
Talking_WGNU_l2_10_noise,datasets/AR-DAVID/Talking_WGNU_Level002.mp4,datasets/AR-DAVID/Talking_reference_Level001.mp4,,7.871313095092773,13.447843074798584,8.065405,6
Talking_WGNU_l3_100_flat,datasets/AR-DAVID/Talking_WGNU_Level003.mp4,datasets/AR-DAVID/Talking_reference_Level001.mp4,,8.737641334533691,13.902497053146362,7.0091734,6
Talking_WGNU_l3_10_flat,datasets/AR-DAVID/Talking_WGNU_Level003.mp4,datasets/AR-DAVID/Talking_reference_Level001.mp4,,7.526562213897705,14.118805408477783,6.931957,6
Talking_WGNU_l3_100_leaves,datasets/AR-DAVID/Talking_WGNU_Level003.mp4,datasets/AR-DAVID/Talking_reference_Level001.mp4,,8.826655387878418,13.873233795166016,7.775246,6
Talking_WGNU_l3_10_leaves,datasets/AR-DAVID/Talking_WGNU_Level003.mp4,datasets/AR-DAVID/Talking_reference_Level001.mp4,,7.5485639572143555,13.350911855697632,8.704362,6
Talking_WGNU_l3_100_noise,datasets/AR-DAVID/Talking_WGNU_Level003.mp4,datasets/AR-DAVID/Talking_reference_Level001.mp4,,8.740220069885254,13.749967336654663,7.6835,6
Talking_WGNU_l3_10_noise,datasets/AR-DAVID/Talking_WGNU_Level003.mp4,datasets/AR-DAVID/Talking_reference_Level001.mp4,,7.529996871948242,13.8113112449646,8.127263,6
